SESSION_ID,CREATED_ON,USER_NAME,AUTHENTICATION_METHOD,LOGIN_EVENT_ID,CLIENT_APPLICATION_VERSION,CLIENT_APPLICATION_ID,CLIENT_ENVIRONMENT,CLIENT_BUILD_ID,CLIENT_VERSION,CLOSED_REASON
388466907136050,2023-10-30 07:27:44.062000-08:00,HECLOUD,OAuth,5927546897,1.1.5,Go 1.1.5,"{""APPLICATION"":""Snowflake Web App""}",,0,ABANDONED
388466907193806,2023-11-02 10:05:57.274000-08:00,HECLOUD,OAuth,5927551521,1.1.5,Go 1.1.5,"{""APPLICATION"":""Snowflake Web App""}",,0,UNKNOWN
5927550985,2023-10-19 09:49:36.782000-08:00,HECLOUD,OAuth,5927535621,1.1.5,Go 1.1.5,"{""APPLICATION"":""Snowflake Web App""}",,0,ABANDONED
388466907201734,2023-11-02 10:05:53.736000-08:00,HECLOUD,OAuth,5927551521,1.1.5,Go 1.1.5,"{""APPLICATION"":""Snowflake Web App""}",,0,UNKNOWN
388466907136006,2023-10-30 06:58:12.603000-08:00,HECLOUD,OAuth,5927546373,1.1.5,Go 1.1.5,"{""APPLICATION"":""Snowflake Web App""}",,0,ABANDONED
388466907201730,2023-11-02 10:05:49.755000-08:00,HECLOUD,OAuth,5927551521,1.1.5,Go 1.1.5,"{""APPLICATION"":""Snowflake Web App""}",,0,UNKNOWN
388466907148402,2023-11-01 12:24:00.942000-08:00,HECLOUD,OAuth,5927549969,1.1.5,Go 1.1.5,"{""APPLICATION"":""Snowflake Web App""}",,0,UNKNOWN
388466907201650,2023-11-02 09:34:39.119000-08:00,HECLOUD,Password,5927553029,3.3.1,PythonConnector 3.3.1,"{""APPLICATION"":""PythonConnector"",""OS"":""Linux"",""OS_VERSION"":""Linux-6.2.0-1015-azure-x86_64-with-glibc2.35"",""PYTHON_VERSION"":""3.10.13"",""PYTHON_RUNTIME"":""CPython"",""PYTHON_COMPILER"":""GCC 11.4.0"",""OCSP_MODE"":""FAIL_OPEN"",""TRACING"":30,""LOGIN_TIMEOUT"":120,""NETWORK_TIMEOUT"":null}",0,0,LOGOUT
388466907123754,2023-10-30 07:04:46.424000-08:00,HECLOUD,OAuth,5927546373,1.1.5,Go 1.1.5,"{""APPLICATION"":""Snowflake Web App""}",,0,ABANDONED
388466907197786,2023-11-02 09:25:51.034000-08:00,HECLOUD,Password,5927551517,3.3.1,PythonConnector 3.3.1,"{""APPLICATION"":""PythonConnector"",""OS"":""Linux"",""OS_VERSION"":""Linux-6.2.0-1015-azure-x86_64-with-glibc2.35"",""PYTHON_VERSION"":""3.10.13"",""PYTHON_RUNTIME"":""CPython"",""PYTHON_COMPILER"":""GCC 11.4.0"",""OCSP_MODE"":""FAIL_OPEN"",""TRACING"":30,""LOGIN_TIMEOUT"":120,""NETWORK_TIMEOUT"":null}",0,0,LOGOUT
388466907131958,2023-10-30 07:16:50.913000-08:00,HECLOUD,OAuth,5927546373,1.1.5,Go 1.1.5,"{""APPLICATION"":""Snowflake Web App""}",,0,ABANDONED
388466907197766,2023-11-02 09:22:10.228000-08:00,HECLOUD,Password,5927551513,3.3.1,PythonConnector 3.3.1,"{""APPLICATION"":""PythonConnector"",""OS"":""Linux"",""OS_VERSION"":""Linux-6.2.0-1015-azure-x86_64-with-glibc2.35"",""PYTHON_VERSION"":""3.10.13"",""PYTHON_RUNTIME"":""CPython"",""PYTHON_COMPILER"":""GCC 11.4.0"",""OCSP_MODE"":""FAIL_OPEN"",""TRACING"":30,""LOGIN_TIMEOUT"":120,""NETWORK_TIMEOUT"":null}",0,0,LOGOUT
388466907115610,2023-10-30 12:34:49.354000-08:00,HECLOUD,OAuth,5927546913,1.1.5,Go 1.1.5,"{""APPLICATION"":""Snowflake Web App""}",,0,ABANDONED
388466907193810,2023-11-02 10:05:57.327000-08:00,HECLOUD,OAuth,5927551521,1.1.5,Go 1.1.5,"{""APPLICATION"":""Snowflake Web App""}",,0,UNKNOWN
388466907115526,2023-10-27 12:18:43.507000-08:00,HECLOUD,Password,5927544837,3.3.1,PythonConnector 3.3.1,"{""APPLICATION"":""PythonConnector"",""OS"":""Linux"",""OS_VERSION"":""Linux-6.2.0-1015-azure-x86_64-with-glibc2.35"",""PYTHON_VERSION"":""3.10.13"",""PYTHON_RUNTIME"":""CPython"",""PYTHON_COMPILER"":""GCC 11.4.0"",""OCSP_MODE"":""FAIL_OPEN"",""TRACING"":30,""LOGIN_TIMEOUT"":120,""NETWORK_TIMEOUT"":null}",0,0,LOGOUT
388466907193698,2023-11-02 09:31:56.458000-08:00,HECLOUD,Password,5927552517,3.3.1,PythonConnector 3.3.1,"{""APPLICATION"":""PythonConnector"",""OS"":""Linux"",""OS_VERSION"":""Linux-6.2.0-1015-azure-x86_64-with-glibc2.35"",""PYTHON_VERSION"":""3.10.13"",""PYTHON_RUNTIME"":""CPython"",""PYTHON_COMPILER"":""GCC 11.4.0"",""OCSP_MODE"":""FAIL_OPEN"",""TRACING"":30,""LOGIN_TIMEOUT"":120,""NETWORK_TIMEOUT"":null}",0,0,LOGOUT
388466907168782,2023-11-01 12:06:33.547000-08:00,HECLOUD,OAuth,5927549969,1.1.5,Go 1.1.5,"{""APPLICATION"":""Snowflake Web App""}",,0,UNKNOWN
388466907189974,2023-11-02 10:05:53.818000-08:00,HECLOUD,OAuth,5927551521,1.1.5,Go 1.1.5,"{""APPLICATION"":""Snowflake Web App""}",,0,UNKNOWN
388466907189978,2023-11-02 10:05:53.837000-08:00,HECLOUD,OAuth,5927551521,1.1.5,Go 1.1.5,"{""APPLICATION"":""Snowflake Web App""}",,0,UNKNOWN
388466907103310,2023-10-30 07:01:50.294000-08:00,HECLOUD,OAuth,5927546373,1.1.5,Go 1.1.5,"{""APPLICATION"":""Snowflake Web App""}",,0,ABANDONED
388466907189970,2023-11-02 10:05:53.787000-08:00,HECLOUD,OAuth,5927551521,1.1.5,Go 1.1.5,"{""APPLICATION"":""Snowflake Web App""}",,0,UNKNOWN
388466907103350,2023-10-30 07:31:52.898000-08:00,HECLOUD,Password,5927543345,3.3.1,PythonConnector 3.3.1,"{""APPLICATION"":""PythonConnector"",""OS"":""Linux"",""OS_VERSION"":""Linux-6.2.0-1015-azure-x86_64-with-glibc2.35"",""PYTHON_VERSION"":""3.10.13"",""PYTHON_RUNTIME"":""CPython"",""PYTHON_COMPILER"":""GCC 11.4.0"",""OCSP_MODE"":""FAIL_OPEN"",""TRACING"":30,""LOGIN_TIMEOUT"":120,""NETWORK_TIMEOUT"":null}",0,0,LOGOUT
388466907103306,2023-10-30 07:01:44.199000-08:00,HECLOUD,OAuth,5927546373,1.1.5,Go 1.1.5,"{""APPLICATION"":""Snowflake Web App""}",,0,ABANDONED
388466907152450,2023-11-01 12:13:37.829000-08:00,HECLOUD,OAuth,5927549969,1.1.5,Go 1.1.5,"{""APPLICATION"":""Snowflake Web App""}",,0,UNKNOWN
388466907185946,2023-11-02 10:05:53.826000-08:00,HECLOUD,OAuth,5927551521,1.1.5,Go 1.1.5,"{""APPLICATION"":""Snowflake Web App""}",,0,UNKNOWN
388466907181766,2023-11-02 10:05:53.788000-08:00,HECLOUD,OAuth,5927551521,1.1.5,Go 1.1.5,"{""APPLICATION"":""Snowflake Web App""}",,0,UNKNOWN
388466907115594,2023-10-30 12:32:49.274000-08:00,HECLOUD,OAuth,5927546913,1.1.5,Go 1.1.5,"{""APPLICATION"":""Snowflake Web App""}",,0,ABANDONED
388466907164362,2023-11-02 10:05:54.654000-08:00,HECLOUD,OAuth,5927551521,1.1.5,Go 1.1.5,"{""APPLICATION"":""Snowflake Web App""}",,0,UNKNOWN
388466907123722,2023-10-30 06:58:14.508000-08:00,HECLOUD,OAuth,5927546373,1.1.5,Go 1.1.5,"{""APPLICATION"":""Snowflake Web App""}",,0,ABANDONED
388466907164358,2023-11-02 10:05:49.475000-08:00,HECLOUD,OAuth,5927551521,1.1.5,Go 1.1.5,"{""APPLICATION"":""Snowflake Web App""}",,0,UNKNOWN
5927546917,2023-10-19 09:54:20.266000-08:00,HECLOUD,OAuth,5927535621,1.1.5,Go 1.1.5,"{""APPLICATION"":""Snowflake Web App""}",,0,ABANDONED
388466907136066,2023-10-30 12:28:20.468000-08:00,HECLOUD,Password,5927546909,3.3.1,PythonConnector 3.3.1,"{""APPLICATION"":""PythonConnector"",""OS"":""Linux"",""OS_VERSION"":""Linux-6.2.0-1015-azure-x86_64-with-glibc2.35"",""PYTHON_VERSION"":""3.10.13"",""PYTHON_RUNTIME"":""CPython"",""PYTHON_COMPILER"":""GCC 11.4.0"",""OCSP_MODE"":""FAIL_OPEN"",""TRACING"":30,""LOGIN_TIMEOUT"":120,""NETWORK_TIMEOUT"":null}",0,0,LOGOUT
388466907152414,2023-11-01 12:06:33.278000-08:00,HECLOUD,OAuth,5927549969,1.1.5,Go 1.1.5,"{""APPLICATION"":""Snowflake Web App""}",,0,UNKNOWN
388466907115530,2023-10-27 12:49:14.750000-08:00,HECLOUD,Password,5927544841,3.3.1,PythonConnector 3.3.1,"{""APPLICATION"":""PythonConnector"",""OS"":""Linux"",""OS_VERSION"":""Linux-6.2.0-1015-azure-x86_64-with-glibc2.35"",""PYTHON_VERSION"":""3.10.13"",""PYTHON_RUNTIME"":""CPython"",""PYTHON_COMPILER"":""GCC 11.4.0"",""OCSP_MODE"":""FAIL_OPEN"",""TRACING"":30,""LOGIN_TIMEOUT"":120,""NETWORK_TIMEOUT"":null}",0,0,LOGOUT
388466907152438,2023-11-01 12:13:19.266000-08:00,HECLOUD,OAuth,5927549969,1.1.5,Go 1.1.5,"{""APPLICATION"":""Snowflake Web App""}",,0,UNKNOWN
5927546897,2023-10-19 09:49:36.780000-08:00,HECLOUD,OAuth,5927535621,1.1.5,Go 1.1.5,"{""APPLICATION"":""Snowflake Web App""}",,0,ABANDONED
388466907123774,2023-10-30 07:25:29.919000-08:00,HECLOUD,OAuth,5927546897,1.1.5,Go 1.1.5,"{""APPLICATION"":""Snowflake Web App""}",,0,ABANDONED
5927542797,2023-10-19 09:49:03.897000-08:00,HECLOUD,OAuth,5927535109,1.1.5,Go 1.1.5,"{""APPLICATION"":""Snowflake Web App""}",,0,ABANDONED
388466907123790,2023-10-30 12:32:52.526000-08:00,HECLOUD,OAuth,5927546913,1.1.5,Go 1.1.5,"{""APPLICATION"":""Snowflake Web App""}",,0,ABANDONED
5927551005,2023-10-19 09:53:44.219000-08:00,HECLOUD,OAuth,5927535621,1.1.5,Go 1.1.5,"{""APPLICATION"":""Snowflake Web App""}",,0,ABANDONED
5927546901,2023-10-19 09:49:36.797000-08:00,HECLOUD,OAuth,5927535621,1.1.5,Go 1.1.5,"{""APPLICATION"":""Snowflake Web App""}",,0,ABANDONED
388466907086858,2023-10-24 11:52:04.282000-08:00,HECLOUD,Password,5927541769,3.1.0,PythonConnector 3.1.0,"{""APPLICATION"":""schemachange"",""OS"":""Windows"",""OS_VERSION"":""Windows-10-10.0.17763-SP0"",""PYTHON_VERSION"":""3.11.4"",""PYTHON_RUNTIME"":""CPython"",""PYTHON_COMPILER"":""MSC v.1934 64 bit (AMD64)"",""OCSP_MODE"":""FAIL_OPEN"",""TRACING"":30,""LOGIN_TIMEOUT"":120,""NETWORK_TIMEOUT"":null}",0,0,LOGOUT
388466907156514,2023-11-01 12:13:18.883000-08:00,HECLOUD,OAuth,5927549969,1.1.5,Go 1.1.5,"{""APPLICATION"":""Snowflake Web App""}",,0,UNKNOWN
5927563277,2023-10-19 09:53:44.054000-08:00,HECLOUD,OAuth,5927535621,1.1.5,Go 1.1.5,"{""APPLICATION"":""Snowflake Web App""}",,0,ABANDONED
388466907156538,2023-11-01 12:16:29.703000-08:00,HECLOUD,OAuth,5927549969,1.1.5,Go 1.1.5,"{""APPLICATION"":""Snowflake Web App""}",,0,UNKNOWN
388466907136054,2023-10-30 07:28:25.903000-08:00,HECLOUD,Password,5927546901,3.3.1,PythonConnector 3.3.1,"{""APPLICATION"":""PythonConnector"",""OS"":""Linux"",""OS_VERSION"":""Linux-6.2.0-1015-azure-x86_64-with-glibc2.35"",""PYTHON_VERSION"":""3.10.13"",""PYTHON_RUNTIME"":""CPython"",""PYTHON_COMPILER"":""GCC 11.4.0"",""OCSP_MODE"":""FAIL_OPEN"",""TRACING"":30,""LOGIN_TIMEOUT"":120,""NETWORK_TIMEOUT"":null}",0,0,LOGOUT
388466907152390,2023-11-01 07:42:50.399000-08:00,HECLOUD,Password,5927549445,3.3.1,PythonConnector 3.3.1,"{""APPLICATION"":""PythonConnector"",""OS"":""Linux"",""OS_VERSION"":""Linux-6.2.0-1015-azure-x86_64-with-glibc2.35"",""PYTHON_VERSION"":""3.10.13"",""PYTHON_RUNTIME"":""CPython"",""PYTHON_COMPILER"":""GCC 11.4.0"",""OCSP_MODE"":""FAIL_OPEN"",""TRACING"":30,""LOGIN_TIMEOUT"":120,""NETWORK_TIMEOUT"":null}",0,0,LOGOUT
388466907160610,2023-11-01 12:08:44.862000-08:00,HECLOUD,OAuth,5927549969,1.1.5,Go 1.1.5,"{""APPLICATION"":""Snowflake Web App""}",,0,UNKNOWN
388466907131982,2023-10-30 07:25:45.604000-08:00,HECLOUD,OAuth,5927546897,1.1.5,Go 1.1.5,"{""APPLICATION"":""Snowflake Web App""}",,0,ABANDONED
388466907115578,2023-10-30 07:25:46.013000-08:00,HECLOUD,OAuth,5927546897,1.1.5,Go 1.1.5,"{""APPLICATION"":""Snowflake Web App""}",,0,ABANDONED
388466907127814,2023-10-30 06:58:07.516000-08:00,HECLOUD,OAuth,5927535621,1.1.5,Go 1.1.5,"{""APPLICATION"":""Snowflake Web App""}",,0,ABANDONED
5927563313,2023-10-19 12:15:26.234000-08:00,HECLOUD,Password,5927535625,3.1.0,PythonConnector 3.1.0,"{""APPLICATION"":""schemachange"",""OS"":""Windows"",""OS_VERSION"":""Windows-10-10.0.17763-SP0"",""PYTHON_VERSION"":""3.11.4"",""PYTHON_RUNTIME"":""CPython"",""PYTHON_COMPILER"":""MSC v.1934 64 bit (AMD64)"",""OCSP_MODE"":""FAIL_OPEN"",""TRACING"":30,""LOGIN_TIMEOUT"":120,""NETWORK_TIMEOUT"":null}",0,0,LOGOUT
388466907164678,2023-11-01 09:26:52.877000-08:00,HECLOUD,Password,5927550981,3.3.1,PythonConnector 3.3.1,"{""APPLICATION"":""PythonConnector"",""OS"":""Linux"",""OS_VERSION"":""Linux-6.2.0-1015-azure-x86_64-with-glibc2.35"",""PYTHON_VERSION"":""3.10.13"",""PYTHON_RUNTIME"":""CPython"",""PYTHON_COMPILER"":""GCC 11.4.0"",""OCSP_MODE"":""FAIL_OPEN"",""TRACING"":30,""LOGIN_TIMEOUT"":120,""NETWORK_TIMEOUT"":null}",0,0,LOGOUT
388466907148322,2023-11-01 12:08:45.740000-08:00,HECLOUD,OAuth,5927549969,1.1.5,Go 1.1.5,"{""APPLICATION"":""Snowflake Web App""}",,0,UNKNOWN
388466907131938,2023-10-30 07:01:24.467000-08:00,HECLOUD,OAuth,5927546373,1.1.5,Go 1.1.5,"{""APPLICATION"":""Snowflake Web App""}",,0,ABANDONED
388466907107342,2023-10-26 11:09:42.172000-08:00,HECLOUD,Password,5927543821,3.1.0,PythonConnector 3.1.0,"{""APPLICATION"":""schemachange"",""OS"":""Windows"",""OS_VERSION"":""Windows-10-10.0.17763-SP0"",""PYTHON_VERSION"":""3.11.4"",""PYTHON_RUNTIME"":""CPython"",""PYTHON_COMPILER"":""MSC v.1934 64 bit (AMD64)"",""OCSP_MODE"":""FAIL_OPEN"",""TRACING"":30,""LOGIN_TIMEOUT"":120,""NETWORK_TIMEOUT"":null}",0,0,LOGOUT
5927551013,2023-10-19 09:54:59.717000-08:00,HECLOUD,OAuth,5927535621,1.1.5,Go 1.1.5,"{""APPLICATION"":""Snowflake Web App""}",,0,ABANDONED
5927596041,2023-10-24 11:49:48.329000-08:00,HECLOUD,Password,5927541257,3.1.0,PythonConnector 3.1.0,"{""APPLICATION"":""schemachange"",""OS"":""Windows"",""OS_VERSION"":""Windows-10-10.0.17763-SP0"",""PYTHON_VERSION"":""3.11.4"",""PYTHON_RUNTIME"":""CPython"",""PYTHON_COMPILER"":""MSC v.1934 64 bit (AMD64)"",""OCSP_MODE"":""FAIL_OPEN"",""TRACING"":30,""LOGIN_TIMEOUT"":120,""NETWORK_TIMEOUT"":null}",0,0,LOGOUT
388466907123738,2023-10-30 07:00:38.586000-08:00,HECLOUD,OAuth,5927546373,1.1.5,Go 1.1.5,"{""APPLICATION"":""Snowflake Web App""}",,0,ABANDONED
388466907086854,2023-10-24 11:46:05.391000-08:00,HECLOUD,Password,5927541765,3.1.0,PythonConnector 3.1.0,"{""APPLICATION"":""schemachange"",""OS"":""Windows"",""OS_VERSION"":""Windows-10-10.0.17763-SP0"",""PYTHON_VERSION"":""3.11.4"",""PYTHON_RUNTIME"":""CPython"",""PYTHON_COMPILER"":""MSC v.1934 64 bit (AMD64)"",""OCSP_MODE"":""FAIL_OPEN"",""TRACING"":30,""LOGIN_TIMEOUT"":120,""NETWORK_TIMEOUT"":null}",0,0,LOGOUT
388466907131970,2023-10-30 07:25:29.999000-08:00,HECLOUD,OAuth,5927546897,1.1.5,Go 1.1.5,"{""APPLICATION"":""Snowflake Web App""}",,0,ABANDONED
388466907115598,2023-10-30 12:32:49.497000-08:00,HECLOUD,OAuth,5927546913,1.1.5,Go 1.1.5,"{""APPLICATION"":""Snowflake Web App""}",,0,ABANDONED
388466907189898,2023-11-02 09:29:26.213000-08:00,HECLOUD,Password,5927552005,3.3.1,PythonConnector 3.3.1,"{""APPLICATION"":""PythonConnector"",""OS"":""Linux"",""OS_VERSION"":""Linux-6.2.0-1015-azure-x86_64-with-glibc2.35"",""PYTHON_VERSION"":""3.10.13"",""PYTHON_RUNTIME"":""CPython"",""PYTHON_COMPILER"":""GCC 11.4.0"",""OCSP_MODE"":""FAIL_OPEN"",""TRACING"":30,""LOGIN_TIMEOUT"":120,""NETWORK_TIMEOUT"":null}",0,0,LOGOUT
5927555101,2023-10-19 09:53:39.609000-08:00,HECLOUD,OAuth,5927535621,1.1.5,Go 1.1.5,"{""APPLICATION"":""Snowflake Web App""}",,0,ABANDONED
5927555089,2023-10-19 09:49:03.996000-08:00,HECLOUD,OAuth,5927535109,1.1.5,Go 1.1.5,"{""APPLICATION"":""Snowflake Web App""}",,0,ABANDONED
388466907168778,2023-11-01 12:06:30.751000-08:00,HECLOUD,OAuth,5927549969,1.1.5,Go 1.1.5,"{""APPLICATION"":""Snowflake Web App""}",,0,UNKNOWN
5927563305,2023-10-19 10:52:24.362000-08:00,HECLOUD,OAuth,5927535621,1.1.5,Go 1.1.5,"{""APPLICATION"":""Snowflake Web App""}",,0,ABANDONED
5927555097,2023-10-19 09:49:36.773000-08:00,HECLOUD,OAuth,5927535621,1.1.5,Go 1.1.5,"{""APPLICATION"":""Snowflake Web App""}",,0,ABANDONED
5927563269,2023-10-19 09:49:36.791000-08:00,HECLOUD,OAuth,5927535621,1.1.5,Go 1.1.5,"{""APPLICATION"":""Snowflake Web App""}",,0,ABANDONED
388466907132006,2023-10-30 12:32:52.437000-08:00,HECLOUD,OAuth,5927546913,1.1.5,Go 1.1.5,"{""APPLICATION"":""Snowflake Web App""}",,0,ABANDONED
388466907123794,2023-10-30 12:34:47.219000-08:00,HECLOUD,OAuth,5927546913,1.1.5,Go 1.1.5,"{""APPLICATION"":""Snowflake Web App""}",,0,ABANDONED
388466907156510,2023-11-01 12:11:41.363000-08:00,HECLOUD,OAuth,5927549969,1.1.5,Go 1.1.5,"{""APPLICATION"":""Snowflake Web App""}",,0,UNKNOWN
388466907136062,2023-10-30 09:24:39.624000-08:00,HECLOUD,OAuth,5927546373,1.1.5,Go 1.1.5,"{""APPLICATION"":""Snowflake Web App""}",,0,ABANDONED
5927542793,2023-10-19 09:49:03.085000-08:00,HECLOUD,OAuth,5927535109,1.1.5,Go 1.1.5,"{""APPLICATION"":""Snowflake Web App""}",,0,ABANDONED
5927546893,2023-10-19 09:49:03.896000-08:00,HECLOUD,OAuth,5927535109,1.1.5,Go 1.1.5,"{""APPLICATION"":""Snowflake Web App""}",,0,ABANDONED
388466907131954,2023-10-30 07:12:36.515000-08:00,HECLOUD,OAuth,5927546373,1.1.5,Go 1.1.5,"{""APPLICATION"":""Snowflake Web App""}",,0,ABANDONED
388466907103282,2023-10-30 06:58:15.933000-08:00,HECLOUD,OAuth,5927546373,1.1.5,Go 1.1.5,"{""APPLICATION"":""Snowflake Web App""}",,0,ABANDONED
388466907107334,2023-10-26 10:38:21.096000-08:00,HECLOUD,Password,5927543813,3.1.0,PythonConnector 3.1.0,"{""APPLICATION"":""schemachange"",""OS"":""Windows"",""OS_VERSION"":""Windows-10-10.0.17763-SP0"",""PYTHON_VERSION"":""3.11.4"",""PYTHON_RUNTIME"":""CPython"",""PYTHON_COMPILER"":""MSC v.1934 64 bit (AMD64)"",""OCSP_MODE"":""FAIL_OPEN"",""TRACING"":30,""LOGIN_TIMEOUT"":120,""NETWORK_TIMEOUT"":null}",0,0,LOGOUT
388466907127858,2023-10-30 12:32:49.369000-08:00,HECLOUD,OAuth,5927546913,1.1.5,Go 1.1.5,"{""APPLICATION"":""Snowflake Web App""}",,0,ABANDONED
388466907115606,2023-10-30 12:32:49.544000-08:00,HECLOUD,OAuth,5927546913,1.1.5,Go 1.1.5,"{""APPLICATION"":""Snowflake Web App""}",,0,ABANDONED
388466907123726,2023-10-30 06:58:14.615000-08:00,HECLOUD,OAuth,5927546373,1.1.5,Go 1.1.5,"{""APPLICATION"":""Snowflake Web App""}",,0,ABANDONED
388466907119626,2023-10-27 12:25:57.403000-08:00,HECLOUD,Password,5927545353,3.3.1,PythonConnector 3.3.1,"{""APPLICATION"":""PythonConnector"",""OS"":""Linux"",""OS_VERSION"":""Linux-6.2.0-1015-azure-x86_64-with-glibc2.35"",""PYTHON_VERSION"":""3.10.13"",""PYTHON_RUNTIME"":""CPython"",""PYTHON_COMPILER"":""GCC 11.4.0"",""OCSP_MODE"":""FAIL_OPEN"",""TRACING"":30,""LOGIN_TIMEOUT"":120,""NETWORK_TIMEOUT"":null}",0,0,LOGOUT
388466907127854,2023-10-30 12:32:49.344000-08:00,HECLOUD,OAuth,5927546913,1.1.5,Go 1.1.5,"{""APPLICATION"":""Snowflake Web App""}",,0,ABANDONED
388466907103270,2023-10-30 06:58:07.644000-08:00,HECLOUD,OAuth,5927535621,1.1.5,Go 1.1.5,"{""APPLICATION"":""Snowflake Web App""}",,0,ABANDONED
388466907168838,2023-11-01 12:25:19.624000-08:00,HECLOUD,OAuth,5927549969,1.1.5,Go 1.1.5,"{""APPLICATION"":""Snowflake Web App""}",,0,UNKNOWN
388466907127870,2023-10-30 12:32:52.861000-08:00,HECLOUD,OAuth,5927546913,1.1.5,Go 1.1.5,"{""APPLICATION"":""Snowflake Web App""}",,0,ABANDONED
388466907152398,2023-11-01 10:23:33.925000-08:00,HECLOUD,Password,5927549453,3.3.1,PythonConnector 3.3.1,"{""APPLICATION"":""PythonConnector"",""OS"":""Linux"",""OS_VERSION"":""Linux-6.2.0-1015-azure-x86_64-with-glibc2.35"",""PYTHON_VERSION"":""3.10.13"",""PYTHON_RUNTIME"":""CPython"",""PYTHON_COMPILER"":""GCC 11.4.0"",""OCSP_MODE"":""FAIL_OPEN"",""TRACING"":30,""LOGIN_TIMEOUT"":120,""NETWORK_TIMEOUT"":null}",0,0,LOGOUT
388466907103294,2023-10-30 06:58:24.712000-08:00,HECLOUD,OAuth,5927546373,1.1.5,Go 1.1.5,"{""APPLICATION"":""Snowflake Web App""}",,0,ABANDONED
5927555085,2023-10-19 09:49:03.935000-08:00,HECLOUD,OAuth,5927535109,1.1.5,Go 1.1.5,"{""APPLICATION"":""Snowflake Web App""}",,0,ABANDONED
388466907127850,2023-10-30 12:32:49.314000-08:00,HECLOUD,OAuth,5927546913,1.1.5,Go 1.1.5,"{""APPLICATION"":""Snowflake Web App""}",,0,ABANDONED
388466907160586,2023-11-01 09:28:59.297000-08:00,HECLOUD,Password,5927550473,3.3.1,PythonConnector 3.3.1,"{""APPLICATION"":""PythonConnector"",""OS"":""Linux"",""OS_VERSION"":""Linux-6.2.0-1015-azure-x86_64-with-glibc2.35"",""PYTHON_VERSION"":""3.10.13"",""PYTHON_RUNTIME"":""CPython"",""PYTHON_COMPILER"":""GCC 11.4.0"",""OCSP_MODE"":""FAIL_OPEN"",""TRACING"":30,""LOGIN_TIMEOUT"":120,""NETWORK_TIMEOUT"":null}",0,0,LOGOUT
388466907123782,2023-10-30 12:32:47.497000-08:00,HECLOUD,OAuth,5927546913,1.1.5,Go 1.1.5,"{""APPLICATION"":""Snowflake Web App""}",,0,ABANDONED
5927551001,2023-10-19 09:53:23.390000-08:00,HECLOUD,OAuth,5927535621,1.1.5,Go 1.1.5,"{""APPLICATION"":""Snowflake Web App""}",,0,ABANDONED
5927542833,2023-10-20 10:37:46.661000-08:00,HECLOUD,Password,5927536649,3.1.0,PythonConnector 3.1.0,"{""APPLICATION"":""schemachange"",""OS"":""Windows"",""OS_VERSION"":""Windows-10-10.0.17763-SP0"",""PYTHON_VERSION"":""3.11.4"",""PYTHON_RUNTIME"":""CPython"",""PYTHON_COMPILER"":""MSC v.1934 64 bit (AMD64)"",""OCSP_MODE"":""FAIL_OPEN"",""TRACING"":30,""LOGIN_TIMEOUT"":120,""NETWORK_TIMEOUT"":null}",0,0,LOGOUT
388466907148306,2023-11-01 10:15:48.194000-08:00,HECLOUD,Password,5927548945,3.3.1,PythonConnector 3.3.1,"{""APPLICATION"":""PythonConnector"",""OS"":""Linux"",""OS_VERSION"":""Linux-6.2.0-1015-azure-x86_64-with-glibc2.35"",""PYTHON_VERSION"":""3.10.13"",""PYTHON_RUNTIME"":""CPython"",""PYTHON_COMPILER"":""GCC 11.4.0"",""OCSP_MODE"":""FAIL_OPEN"",""TRACING"":30,""LOGIN_TIMEOUT"":120,""NETWORK_TIMEOUT"":null}",0,0,LOGOUT
388466907160582,2023-11-01 09:19:44.101000-08:00,HECLOUD,Password,5927550469,3.3.1,PythonConnector 3.3.1,"{""APPLICATION"":""PythonConnector"",""OS"":""Linux"",""OS_VERSION"":""Linux-6.2.0-1015-azure-x86_64-with-glibc2.35"",""PYTHON_VERSION"":""3.10.13"",""PYTHON_RUNTIME"":""CPython"",""PYTHON_COMPILER"":""GCC 11.4.0"",""OCSP_MODE"":""FAIL_OPEN"",""TRACING"":30,""LOGIN_TIMEOUT"":120,""NETWORK_TIMEOUT"":null}",0,0,LOGOUT
388466907103274,2023-10-30 06:58:15.696000-08:00,HECLOUD,OAuth,5927546373,1.1.5,Go 1.1.5,"{""APPLICATION"":""Snowflake Web App""}",,0,ABANDONED
388466907131922,2023-10-30 06:58:14.631000-08:00,HECLOUD,OAuth,5927546373,1.1.5,Go 1.1.5,"{""APPLICATION"":""Snowflake Web App""}",,0,ABANDONED
5927551021,2023-10-19 10:41:31.772000-08:00,HECLOUD,OAuth,5927535621,1.1.5,Go 1.1.5,"{""APPLICATION"":""Snowflake Web App""}",,0,ABANDONED
388466907160590,2023-11-01 09:49:17.033000-08:00,HECLOUD,Password,5927550477,3.3.1,PythonConnector 3.3.1,"{""APPLICATION"":""PythonConnector"",""OS"":""Linux"",""OS_VERSION"":""Linux-6.2.0-1015-azure-x86_64-with-glibc2.35"",""PYTHON_VERSION"":""3.10.13"",""PYTHON_RUNTIME"":""CPython"",""PYTHON_COMPILER"":""GCC 11.4.0"",""OCSP_MODE"":""FAIL_OPEN"",""TRACING"":30,""LOGIN_TIMEOUT"":120,""NETWORK_TIMEOUT"":null}",0,0,LOGOUT
388466907123730,2023-10-30 06:58:23.697000-08:00,HECLOUD,OAuth,5927546373,1.1.5,Go 1.1.5,"{""APPLICATION"":""Snowflake Web App""}",,0,ABANDONED
5927559221,2023-10-20 09:08:00.216000-08:00,HECLOUD,Password,5927535125,3.1.0,PythonConnector 3.1.0,"{""APPLICATION"":""schemachange"",""OS"":""Windows"",""OS_VERSION"":""Windows-10-10.0.17763-SP0"",""PYTHON_VERSION"":""3.11.4"",""PYTHON_RUNTIME"":""CPython"",""PYTHON_COMPILER"":""MSC v.1934 64 bit (AMD64)"",""OCSP_MODE"":""FAIL_OPEN"",""TRACING"":30,""LOGIN_TIMEOUT"":120,""NETWORK_TIMEOUT"":null}",0,0,LOGOUT
5927546925,2023-10-19 10:58:17.423000-08:00,HECLOUD,OAuth,5927535621,1.1.5,Go 1.1.5,"{""APPLICATION"":""Snowflake Web App""}",,0,ABANDONED
5927546941,2023-10-23 08:24:28.192000-08:00,HECLOUD,Password,5927538697,3.1.0,PythonConnector 3.1.0,"{""APPLICATION"":""schemachange"",""OS"":""Windows"",""OS_VERSION"":""Windows-10-10.0.17763-SP0"",""PYTHON_VERSION"":""3.11.4"",""PYTHON_RUNTIME"":""CPython"",""PYTHON_COMPILER"":""MSC v.1934 64 bit (AMD64)"",""OCSP_MODE"":""FAIL_OPEN"",""TRACING"":30,""LOGIN_TIMEOUT"":120,""NETWORK_TIMEOUT"":null}",0,0,LOGOUT
388466907156490,2023-11-01 10:19:45.342000-08:00,HECLOUD,Password,5927549961,3.3.1,PythonConnector 3.3.1,"{""APPLICATION"":""PythonConnector"",""OS"":""Linux"",""OS_VERSION"":""Linux-6.2.0-1015-azure-x86_64-with-glibc2.35"",""PYTHON_VERSION"":""3.10.13"",""PYTHON_RUNTIME"":""CPython"",""PYTHON_COMPILER"":""GCC 11.4.0"",""OCSP_MODE"":""FAIL_OPEN"",""TRACING"":30,""LOGIN_TIMEOUT"":120,""NETWORK_TIMEOUT"":null}",0,0,LOGOUT
388466907144198,2023-11-01 06:50:23.463000-08:00,HECLOUD,Password,5927548421,3.3.1,PythonConnector 3.3.1,"{""APPLICATION"":""PythonConnector"",""OS"":""Linux"",""OS_VERSION"":""Linux-6.2.0-1015-azure-x86_64-with-glibc2.35"",""PYTHON_VERSION"":""3.10.13"",""PYTHON_RUNTIME"":""CPython"",""PYTHON_COMPILER"":""GCC 11.4.0"",""OCSP_MODE"":""FAIL_OPEN"",""TRACING"":30,""LOGIN_TIMEOUT"":120,""NETWORK_TIMEOUT"":null}",0,0,LOGOUT
5927559193,2023-10-19 09:53:43.883000-08:00,HECLOUD,OAuth,5927535621,1.1.5,Go 1.1.5,"{""APPLICATION"":""Snowflake Web App""}",,0,ABANDONED
388466907148310,2023-11-01 11:02:32.934000-08:00,HECLOUD,Password,5927548949,3.3.1,PythonConnector 3.3.1,"{""APPLICATION"":""PythonConnector"",""OS"":""Linux"",""OS_VERSION"":""Linux-6.2.0-1015-azure-x86_64-with-glibc2.35"",""PYTHON_VERSION"":""3.10.13"",""PYTHON_RUNTIME"":""CPython"",""PYTHON_COMPILER"":""GCC 11.4.0"",""OCSP_MODE"":""FAIL_OPEN"",""TRACING"":30,""LOGIN_TIMEOUT"":120,""NETWORK_TIMEOUT"":null}",0,0,LOGOUT
5927542805,2023-10-19 09:53:45.034000-08:00,HECLOUD,OAuth,5927535621,1.1.5,Go 1.1.5,"{""APPLICATION"":""Snowflake Web App""}",,0,ABANDONED
388466907156562,2023-11-01 12:19:38.602000-08:00,HECLOUD,OAuth,5927549969,1.1.5,Go 1.1.5,"{""APPLICATION"":""Snowflake Web App""}",,0,UNKNOWN
388466907160614,2023-11-01 12:08:44.968000-08:00,HECLOUD,OAuth,5927549969,1.1.5,Go 1.1.5,"{""APPLICATION"":""Snowflake Web App""}",,0,UNKNOWN
5927538693,2023-10-19 09:47:56.952000-08:00,SNOWFLAKE,Password,23154436,1.6.21,JavaScript 1.6.21,"{""node"":""15.11.0"",""v8"":""8.6.395.17-node.27"",""uv"":""1.41.0"",""zlib"":""1.2.11"",""brotli"":""1.0.9"",""ares"":""1.17.1"",""modules"":""88"",""nghttp2"":""1.42.0"",""napi"":""7"",""llhttp"":""2.1.3"",""openssl"":""1.1.1j"",""cldr"":""38.1"",""icu"":""68.2"",""tz"":""2020d"",""unicode"":""13.0"",""OS"":""linux"",""OS_VERSION"":""5.10.192-183.736.amzn2.x86_64"",""OCSP_MODE"":""FAIL_OPEN""}",0,0,ABANDONED
388466907132010,2023-10-30 12:32:52.699000-08:00,HECLOUD,OAuth,5927546913,1.1.5,Go 1.1.5,"{""APPLICATION"":""Snowflake Web App""}",,0,ABANDONED
5927559181,2023-10-19 09:49:36.780000-08:00,HECLOUD,OAuth,5927535621,1.1.5,Go 1.1.5,"{""APPLICATION"":""Snowflake Web App""}",,0,ABANDONED
5927575557,2023-10-23 07:39:14.661000-08:00,HECLOUD,Password,5927539205,3.1.0,PythonConnector 3.1.0,"{""APPLICATION"":""schemachange"",""OS"":""Windows"",""OS_VERSION"":""Windows-10-10.0.17763-SP0"",""PYTHON_VERSION"":""3.11.4"",""PYTHON_RUNTIME"":""CPython"",""PYTHON_COMPILER"":""MSC v.1934 64 bit (AMD64)"",""OCSP_MODE"":""FAIL_OPEN"",""TRACING"":30,""LOGIN_TIMEOUT"":120,""NETWORK_TIMEOUT"":null}",0,0,LOGOUT
388466907103334,2023-10-30 07:25:28.063000-08:00,HECLOUD,OAuth,5927546897,1.1.5,Go 1.1.5,"{""APPLICATION"":""Snowflake Web App""}",,0,ABANDONED
388466907140102,2023-10-31 07:03:43.760000-08:00,HECLOUD,Password,5927547909,3.3.1,PythonConnector 3.3.1,"{""APPLICATION"":""PythonConnector"",""OS"":""Linux"",""OS_VERSION"":""Linux-6.2.0-1015-azure-x86_64-with-glibc2.35"",""PYTHON_VERSION"":""3.10.13"",""PYTHON_RUNTIME"":""CPython"",""PYTHON_COMPILER"":""GCC 11.4.0"",""OCSP_MODE"":""FAIL_OPEN"",""TRACING"":30,""LOGIN_TIMEOUT"":120,""NETWORK_TIMEOUT"":null}",0,0,LOGOUT
388466907103322,2023-10-30 07:10:33.293000-08:00,HECLOUD,OAuth,5927546373,1.1.5,Go 1.1.5,"{""APPLICATION"":""Snowflake Web App""}",,0,ABANDONED
388466907131974,2023-10-30 07:25:30.029000-08:00,HECLOUD,OAuth,5927546897,1.1.5,Go 1.1.5,"{""APPLICATION"":""Snowflake Web App""}",,0,ABANDONED
388466907136082,2023-10-31 06:53:02.474000-08:00,HECLOUD,Password,5927546921,3.3.1,PythonConnector 3.3.1,"{""APPLICATION"":""PythonConnector"",""OS"":""Linux"",""OS_VERSION"":""Linux-6.2.0-1015-azure-x86_64-with-glibc2.35"",""PYTHON_VERSION"":""3.10.13"",""PYTHON_RUNTIME"":""CPython"",""PYTHON_COMPILER"":""GCC 11.4.0"",""OCSP_MODE"":""FAIL_OPEN"",""TRACING"":30,""LOGIN_TIMEOUT"":120,""NETWORK_TIMEOUT"":null}",0,0,LOGOUT
388466907136090,2023-11-01 09:41:12.851000-08:00,HECLOUD,Password,5927546929,3.3.1,PythonConnector 3.3.1,"{""APPLICATION"":""PythonConnector"",""OS"":""Linux"",""OS_VERSION"":""Linux-6.2.0-1015-azure-x86_64-with-glibc2.35"",""PYTHON_VERSION"":""3.10.13"",""PYTHON_RUNTIME"":""CPython"",""PYTHON_COMPILER"":""GCC 11.4.0"",""OCSP_MODE"":""FAIL_OPEN"",""TRACING"":30,""LOGIN_TIMEOUT"":120,""NETWORK_TIMEOUT"":null}",0,0,LOGOUT
388466907168862,2023-11-01 12:33:02.378000-08:00,HECLOUD,Password,5927551509,3.3.1,PythonConnector 3.3.1,"{""APPLICATION"":""PythonConnector"",""OS"":""Linux"",""OS_VERSION"":""Linux-6.2.0-1015-azure-x86_64-with-glibc2.35"",""PYTHON_VERSION"":""3.10.13"",""PYTHON_RUNTIME"":""CPython"",""PYTHON_COMPILER"":""GCC 11.4.0"",""OCSP_MODE"":""FAIL_OPEN"",""TRACING"":30,""LOGIN_TIMEOUT"":120,""NETWORK_TIMEOUT"":null}",0,0,LOGOUT
388466907123718,2023-10-27 12:44:35.715000-08:00,HECLOUD,Password,5927545861,3.3.1,PythonConnector 3.3.1,"{""APPLICATION"":""PythonConnector"",""OS"":""Linux"",""OS_VERSION"":""Linux-6.2.0-1015-azure-x86_64-with-glibc2.35"",""PYTHON_VERSION"":""3.10.13"",""PYTHON_RUNTIME"":""CPython"",""PYTHON_COMPILER"":""GCC 11.4.0"",""OCSP_MODE"":""FAIL_OPEN"",""TRACING"":30,""LOGIN_TIMEOUT"":120,""NETWORK_TIMEOUT"":null}",0,0,LOGOUT
388466907156494,2023-11-01 10:53:00.680000-08:00,HECLOUD,Password,5927549965,3.3.1,PythonConnector 3.3.1,"{""APPLICATION"":""PythonConnector"",""OS"":""Linux"",""OS_VERSION"":""Linux-6.2.0-1015-azure-x86_64-with-glibc2.35"",""PYTHON_VERSION"":""3.10.13"",""PYTHON_RUNTIME"":""CPython"",""PYTHON_COMPILER"":""GCC 11.4.0"",""OCSP_MODE"":""FAIL_OPEN"",""TRACING"":30,""LOGIN_TIMEOUT"":120,""NETWORK_TIMEOUT"":null}",0,0,LOGOUT
388466907136014,2023-10-30 06:58:23.712000-08:00,HECLOUD,OAuth,5927546373,1.1.5,Go 1.1.5,"{""APPLICATION"":""Snowflake Web App""}",,0,ABANDONED
388466907148346,2023-11-01 12:13:52.700000-08:00,HECLOUD,OAuth,5927549969,1.1.5,Go 1.1.5,"{""APPLICATION"":""Snowflake Web App""}",,0,UNKNOWN
388466907148390,2023-11-01 12:22:15.098000-08:00,HECLOUD,Password,5927548969,3.3.1,PythonConnector 3.3.1,"{""APPLICATION"":""PythonConnector"",""OS"":""Linux"",""OS_VERSION"":""Linux-6.2.0-1015-azure-x86_64-with-glibc2.35"",""PYTHON_VERSION"":""3.10.13"",""PYTHON_RUNTIME"":""CPython"",""PYTHON_COMPILER"":""GCC 11.4.0"",""OCSP_MODE"":""FAIL_OPEN"",""TRACING"":30,""LOGIN_TIMEOUT"":120,""NETWORK_TIMEOUT"":null}",0,0,LOGOUT
5927551009,2023-10-19 09:54:00.402000-08:00,HECLOUD,OAuth,5927535621,1.1.5,Go 1.1.5,"{""APPLICATION"":""Snowflake Web App""}",,0,ABANDONED
5927546913,2023-10-19 09:54:20.225000-08:00,HECLOUD,OAuth,5927535621,1.1.5,Go 1.1.5,"{""APPLICATION"":""Snowflake Web App""}",,0,ABANDONED
5927583749,2023-10-23 08:42:58.692000-08:00,HECLOUD,Password,5927540229,3.13.30,JDBC 3.13.30,"{""tracing"":""INFO"",""OS"":""Windows 11"",""OCSP_MODE"":""FAIL_OPEN"",""JAVA_VM"":""OpenJDK 64-Bit Server VM"",""APPLICATION"":""DBeaver_DBeaverEnterprise"",""password"":""****"",""database"":""TEST_DB"",""application"":""DBeaver_DBeaverEnterprise"",""OS_VERSION"":""10.0"",""serverURL"":""https://zsb17642.us-east-1.snowflakecomputing.com:443/"",""JAVA_VERSION"":""17.0.6"",""user"":""hecloud"",""account"":""zsb17642"",""JAVA_RUNTIME"":""OpenJDK Runtime Environment""}",0,0,LOGOUT
5927559185,2023-10-19 09:50:36.911000-08:00,HECLOUD,OAuth,5927535621,1.1.5,Go 1.1.5,"{""APPLICATION"":""Snowflake Web App""}",,0,ABANDONED
388466907148302,2023-11-01 09:53:44.539000-08:00,HECLOUD,Password,5927548941,3.3.1,PythonConnector 3.3.1,"{""APPLICATION"":""PythonConnector"",""OS"":""Linux"",""OS_VERSION"":""Linux-6.2.0-1015-azure-x86_64-with-glibc2.35"",""PYTHON_VERSION"":""3.10.13"",""PYTHON_RUNTIME"":""CPython"",""PYTHON_COMPILER"":""GCC 11.4.0"",""OCSP_MODE"":""FAIL_OPEN"",""TRACING"":30,""LOGIN_TIMEOUT"":120,""NETWORK_TIMEOUT"":null}",0,0,LOGOUT
388466907168794,2023-11-01 12:08:44.850000-08:00,HECLOUD,OAuth,5927549969,1.1.5,Go 1.1.5,"{""APPLICATION"":""Snowflake Web App""}",,0,UNKNOWN
388466907152470,2023-11-01 12:18:51.834000-08:00,HECLOUD,OAuth,5927549969,1.1.5,Go 1.1.5,"{""APPLICATION"":""Snowflake Web App""}",,0,UNKNOWN
388466907123758,2023-10-30 07:04:48.287000-08:00,HECLOUD,OAuth,5927546373,1.1.5,Go 1.1.5,"{""APPLICATION"":""Snowflake Web App""}",,0,ABANDONED
388466907115542,2023-10-30 06:58:23.718000-08:00,HECLOUD,OAuth,5927546373,1.1.5,Go 1.1.5,"{""APPLICATION"":""Snowflake Web App""}",,0,ABANDONED
388466907103318,2023-10-30 07:04:46.477000-08:00,HECLOUD,OAuth,5927546373,1.1.5,Go 1.1.5,"{""APPLICATION"":""Snowflake Web App""}",,0,ABANDONED
388466907160602,2023-11-01 11:26:42.058000-08:00,HECLOUD,Password,5927550489,3.3.1,PythonConnector 3.3.1,"{""APPLICATION"":""PythonConnector"",""OS"":""Linux"",""OS_VERSION"":""Linux-6.2.0-1015-azure-x86_64-with-glibc2.35"",""PYTHON_VERSION"":""3.10.13"",""PYTHON_RUNTIME"":""CPython"",""PYTHON_COMPILER"":""GCC 11.4.0"",""OCSP_MODE"":""FAIL_OPEN"",""TRACING"":30,""LOGIN_TIMEOUT"":120,""NETWORK_TIMEOUT"":null}",0,0,LOGOUT
388466907127866,2023-10-30 12:32:52.457000-08:00,HECLOUD,OAuth,5927546913,1.1.5,Go 1.1.5,"{""APPLICATION"":""Snowflake Web App""}",,0,ABANDONED
388466907115534,2023-10-30 06:58:14.787000-08:00,HECLOUD,OAuth,5927546373,1.1.5,Go 1.1.5,"{""APPLICATION"":""Snowflake Web App""}",,0,ABANDONED
5927559229,2023-10-20 12:56:42.369000-08:00,HECLOUD,Password,5927535133,3.1.0,PythonConnector 3.1.0,"{""APPLICATION"":""schemachange"",""OS"":""Windows"",""OS_VERSION"":""Windows-10-10.0.17763-SP0"",""PYTHON_VERSION"":""3.11.4"",""PYTHON_RUNTIME"":""CPython"",""PYTHON_COMPILER"":""MSC v.1934 64 bit (AMD64)"",""OCSP_MODE"":""FAIL_OPEN"",""TRACING"":30,""LOGIN_TIMEOUT"":120,""NETWORK_TIMEOUT"":null}",0,0,LOGOUT
388466907103290,2023-10-30 06:58:16.285000-08:00,HECLOUD,OAuth,5927546373,1.1.5,Go 1.1.5,"{""APPLICATION"":""Snowflake Web App""}",,0,ABANDONED
388466907168786,2023-11-01 12:06:33.566000-08:00,HECLOUD,OAuth,5927549969,1.1.5,Go 1.1.5,"{""APPLICATION"":""Snowflake Web App""}",,0,UNKNOWN
388466907152418,2023-11-01 12:07:33.116000-08:00,HECLOUD,OAuth,5927549969,1.1.5,Go 1.1.5,"{""APPLICATION"":""Snowflake Web App""}",,0,UNKNOWN
5927551025,2023-10-19 10:43:33.561000-08:00,HECLOUD,OAuth,5927535621,1.1.5,Go 1.1.5,"{""APPLICATION"":""Snowflake Web App""}",,0,ABANDONED
388466907148326,2023-11-01 12:09:12.927000-08:00,HECLOUD,OAuth,5927549969,1.1.5,Go 1.1.5,"{""APPLICATION"":""Snowflake Web App""}",,0,UNKNOWN
388466907160622,2023-11-01 12:13:20.335000-08:00,HECLOUD,OAuth,5927549969,1.1.5,Go 1.1.5,"{""APPLICATION"":""Snowflake Web App""}",,0,UNKNOWN
388466907136018,2023-10-30 06:58:23.739000-08:00,HECLOUD,OAuth,5927546373,1.1.5,Go 1.1.5,"{""APPLICATION"":""Snowflake Web App""}",,0,ABANDONED
388466907103246,2023-10-26 10:54:06.279000-08:00,HECLOUD,Password,5927543309,3.1.0,PythonConnector 3.1.0,"{""APPLICATION"":""PythonConnector"",""OS"":""Windows"",""OS_VERSION"":""Windows-10-10.0.17763-SP0"",""PYTHON_VERSION"":""3.11.4"",""PYTHON_RUNTIME"":""CPython"",""PYTHON_COMPILER"":""MSC v.1934 64 bit (AMD64)"",""OCSP_MODE"":""FAIL_OPEN"",""TRACING"":30,""LOGIN_TIMEOUT"":120,""NETWORK_TIMEOUT"":null}",0,0,LOGOUT
5927542821,2023-10-19 10:38:30.925000-08:00,HECLOUD,OAuth,5927535621,1.1.5,Go 1.1.5,"{""APPLICATION"":""Snowflake Web App""}",,0,ABANDONED
5927563281,2023-10-19 09:53:44.099000-08:00,HECLOUD,OAuth,5927535621,1.1.5,Go 1.1.5,"{""APPLICATION"":""Snowflake Web App""}",,0,ABANDONED
388466907111430,2023-10-26 10:59:58.419000-08:00,HECLOUD,Password,5927544325,3.1.0,PythonConnector 3.1.0,"{""APPLICATION"":""schemachange"",""OS"":""Windows"",""OS_VERSION"":""Windows-10-10.0.17763-SP0"",""PYTHON_VERSION"":""3.11.4"",""PYTHON_RUNTIME"":""CPython"",""PYTHON_COMPILER"":""MSC v.1934 64 bit (AMD64)"",""OCSP_MODE"":""FAIL_OPEN"",""TRACING"":30,""LOGIN_TIMEOUT"":120,""NETWORK_TIMEOUT"":null}",0,0,LOGOUT
5927567365,2023-10-20 08:43:00.213000-08:00,HECLOUD,Password,5927537669,3.1.0,PythonConnector 3.1.0,"{""APPLICATION"":""schemachange"",""OS"":""Windows"",""OS_VERSION"":""Windows-10-10.0.17763-SP0"",""PYTHON_VERSION"":""3.11.4"",""PYTHON_RUNTIME"":""CPython"",""PYTHON_COMPILER"":""MSC v.1934 64 bit (AMD64)"",""OCSP_MODE"":""FAIL_OPEN"",""TRACING"":30,""LOGIN_TIMEOUT"":120,""NETWORK_TIMEOUT"":null}",0,0,LOGOUT
388466907123734,2023-10-30 07:00:30.005000-08:00,HECLOUD,OAuth,5927546373,1.1.5,Go 1.1.5,"{""APPLICATION"":""Snowflake Web App""}",,0,ABANDONED
388466907136022,2023-10-30 06:58:57.160000-08:00,HECLOUD,OAuth,5927546373,1.1.5,Go 1.1.5,"{""APPLICATION"":""Snowflake Web App""}",,0,ABANDONED
5927551029,2023-10-19 10:51:24.070000-08:00,HECLOUD,OAuth,5927535621,1.1.5,Go 1.1.5,"{""APPLICATION"":""Snowflake Web App""}",,0,ABANDONED
388466907131914,2023-10-30 06:58:14.029000-08:00,HECLOUD,OAuth,5927546373,1.1.5,Go 1.1.5,"{""APPLICATION"":""Snowflake Web App""}",,0,ABANDONED
388466907148342,2023-11-01 12:13:52.676000-08:00,HECLOUD,OAuth,5927549969,1.1.5,Go 1.1.5,"{""APPLICATION"":""Snowflake Web App""}",,0,UNKNOWN
5927546905,2023-10-19 09:53:24.962000-08:00,HECLOUD,OAuth,5927535621,1.1.5,Go 1.1.5,"{""APPLICATION"":""Snowflake Web App""}",,0,ABANDONED
388466907115558,2023-10-30 07:01:20.461000-08:00,HECLOUD,OAuth,5927546373,1.1.5,Go 1.1.5,"{""APPLICATION"":""Snowflake Web App""}",,0,ABANDONED
388466907132002,2023-10-30 12:32:47.698000-08:00,HECLOUD,OAuth,5927546913,1.1.5,Go 1.1.5,"{""APPLICATION"":""Snowflake Web App""}",,0,ABANDONED
388466907152410,2023-11-01 12:06:33.237000-08:00,HECLOUD,OAuth,5927549969,1.1.5,Go 1.1.5,"{""APPLICATION"":""Snowflake Web App""}",,0,UNKNOWN
388466907131934,2023-10-30 07:01:24.432000-08:00,HECLOUD,OAuth,5927546373,1.1.5,Go 1.1.5,"{""APPLICATION"":""Snowflake Web App""}",,0,ABANDONED
5927596037,2023-10-24 10:00:55.432000-08:00,HECLOUD,Password,5927541253,3.1.0,PythonConnector 3.1.0,"{""APPLICATION"":""schemachange"",""OS"":""Windows"",""OS_VERSION"":""Windows-10-10.0.17763-SP0"",""PYTHON_VERSION"":""3.11.4"",""PYTHON_RUNTIME"":""CPython"",""PYTHON_COMPILER"":""MSC v.1934 64 bit (AMD64)"",""OCSP_MODE"":""FAIL_OPEN"",""TRACING"":30,""LOGIN_TIMEOUT"":120,""NETWORK_TIMEOUT"":null}",0,0,LOGOUT
5927559173,2023-10-19 09:49:03.967000-08:00,HECLOUD,OAuth,5927535109,1.1.5,Go 1.1.5,"{""APPLICATION"":""Snowflake Web App""}",,0,ABANDONED
388466907115582,2023-10-30 07:25:54.920000-08:00,HECLOUD,OAuth,5927546897,1.1.5,Go 1.1.5,"{""APPLICATION"":""Snowflake Web App""}",,0,ABANDONED
388466907127842,2023-10-30 07:25:29.928000-08:00,HECLOUD,OAuth,5927546897,1.1.5,Go 1.1.5,"{""APPLICATION"":""Snowflake Web App""}",,0,ABANDONED
388466907103326,2023-10-30 07:15:37.471000-08:00,HECLOUD,OAuth,5927546373,1.1.5,Go 1.1.5,"{""APPLICATION"":""Snowflake Web App""}",,0,ABANDONED
388466907127846,2023-10-30 07:26:06.961000-08:00,HECLOUD,OAuth,5927546897,1.1.5,Go 1.1.5,"{""APPLICATION"":""Snowflake Web App""}",,0,ABANDONED
5927555121,2023-10-19 10:21:14.538000-08:00,HECLOUD,OAuth,5927535621,1.1.5,Go 1.1.5,"{""APPLICATION"":""Snowflake Web App""}",,0,ABANDONED
388466907123762,2023-10-30 07:04:49.434000-08:00,HECLOUD,OAuth,5927546373,1.1.5,Go 1.1.5,"{""APPLICATION"":""Snowflake Web App""}",,0,ABANDONED
5927559217,2023-10-20 08:45:36.112000-08:00,HECLOUD,Password,5927535121,3.1.0,PythonConnector 3.1.0,"{""APPLICATION"":""schemachange"",""OS"":""Windows"",""OS_VERSION"":""Windows-10-10.0.17763-SP0"",""PYTHON_VERSION"":""3.11.4"",""PYTHON_RUNTIME"":""CPython"",""PYTHON_COMPILER"":""MSC v.1934 64 bit (AMD64)"",""OCSP_MODE"":""FAIL_OPEN"",""TRACING"":30,""LOGIN_TIMEOUT"":120,""NETWORK_TIMEOUT"":null}",0,0,LOGOUT
388466907152526,2023-11-01 12:29:47.729000-08:00,HECLOUD,Password,5927549481,3.3.1,PythonConnector 3.3.1,"{""APPLICATION"":""PythonConnector"",""OS"":""Linux"",""OS_VERSION"":""Linux-6.2.0-1015-azure-x86_64-with-glibc2.35"",""PYTHON_VERSION"":""3.10.13"",""PYTHON_RUNTIME"":""CPython"",""PYTHON_COMPILER"":""GCC 11.4.0"",""OCSP_MODE"":""FAIL_OPEN"",""TRACING"":30,""LOGIN_TIMEOUT"":120,""NETWORK_TIMEOUT"":null}",0,0,LOGOUT
388466907156522,2023-11-01 12:13:20.816000-08:00,HECLOUD,OAuth,5927549969,1.1.5,Go 1.1.5,"{""APPLICATION"":""Snowflake Web App""}",,0,UNKNOWN
388466907131918,2023-10-30 06:58:14.512000-08:00,HECLOUD,OAuth,5927546373,1.1.5,Go 1.1.5,"{""APPLICATION"":""Snowflake Web App""}",,0,ABANDONED
388466907115570,2023-10-30 07:25:28.205000-08:00,HECLOUD,OAuth,5927546897,1.1.5,Go 1.1.5,"{""APPLICATION"":""Snowflake Web App""}",,0,ABANDONED
388466907152454,2023-11-01 12:14:19.408000-08:00,HECLOUD,OAuth,5927549969,1.1.5,Go 1.1.5,"{""APPLICATION"":""Snowflake Web App""}",,0,UNKNOWN
5927559189,2023-10-19 09:53:39.082000-08:00,HECLOUD,OAuth,5927535621,1.1.5,Go 1.1.5,"{""APPLICATION"":""Snowflake Web App""}",,0,ABANDONED
388466907156526,2023-11-01 12:13:36.275000-08:00,HECLOUD,OAuth,5927549969,1.1.5,Go 1.1.5,"{""APPLICATION"":""Snowflake Web App""}",,0,UNKNOWN
5927571461,2023-10-20 09:00:16.648000-08:00,HECLOUD,Password,5927538181,3.1.0,PythonConnector 3.1.0,"{""APPLICATION"":""schemachange"",""OS"":""Windows"",""OS_VERSION"":""Windows-10-10.0.17763-SP0"",""PYTHON_VERSION"":""3.11.4"",""PYTHON_RUNTIME"":""CPython"",""PYTHON_COMPILER"":""MSC v.1934 64 bit (AMD64)"",""OCSP_MODE"":""FAIL_OPEN"",""TRACING"":30,""LOGIN_TIMEOUT"":120,""NETWORK_TIMEOUT"":null}",0,0,LOGOUT
5927555093,2023-10-19 09:49:32.779000-08:00,HECLOUD,OAuth,5927535621,1.1.5,Go 1.1.5,"{""APPLICATION"":""Snowflake Web App""}",,0,ABANDONED
388466907152402,2023-11-01 10:34:07.858000-08:00,HECLOUD,Password,5927549457,3.3.1,PythonConnector 3.3.1,"{""APPLICATION"":""PythonConnector"",""OS"":""Linux"",""OS_VERSION"":""Linux-6.2.0-1015-azure-x86_64-with-glibc2.35"",""PYTHON_VERSION"":""3.10.13"",""PYTHON_RUNTIME"":""CPython"",""PYTHON_COMPILER"":""GCC 11.4.0"",""OCSP_MODE"":""FAIL_OPEN"",""TRACING"":30,""LOGIN_TIMEOUT"":120,""NETWORK_TIMEOUT"":null}",0,0,LOGOUT
388466907115550,2023-10-30 06:58:51.053000-08:00,HECLOUD,OAuth,5927546373,1.1.5,Go 1.1.5,"{""APPLICATION"":""Snowflake Web App""}",,0,ABANDONED
388466907131994,2023-10-30 07:34:00.572000-08:00,HECLOUD,OAuth,5927546897,1.1.5,Go 1.1.5,"{""APPLICATION"":""Snowflake Web App""}",,0,ABANDONED
5927555077,2023-10-19 09:49:03.935000-08:00,HECLOUD,OAuth,5927535109,1.1.5,Go 1.1.5,"{""APPLICATION"":""Snowflake Web App""}",,0,ABANDONED
388466907086862,2023-10-24 11:58:21.575000-08:00,HECLOUD,Password,5927541773,3.1.0,PythonConnector 3.1.0,"{""APPLICATION"":""schemachange"",""OS"":""Windows"",""OS_VERSION"":""Windows-10-10.0.17763-SP0"",""PYTHON_VERSION"":""3.11.4"",""PYTHON_RUNTIME"":""CPython"",""PYTHON_COMPILER"":""MSC v.1934 64 bit (AMD64)"",""OCSP_MODE"":""FAIL_OPEN"",""TRACING"":30,""LOGIN_TIMEOUT"":120,""NETWORK_TIMEOUT"":null}",0,0,LOGOUT
388466907131910,2023-10-30 06:58:07.910000-08:00,HECLOUD,OAuth,5927535621,1.1.5,Go 1.1.5,"{""APPLICATION"":""Snowflake Web App""}",,0,ABANDONED
388466907136010,2023-10-30 06:58:14.625000-08:00,HECLOUD,OAuth,5927546373,1.1.5,Go 1.1.5,"{""APPLICATION"":""Snowflake Web App""}",,0,ABANDONED
388466907168790,2023-11-01 12:06:33.620000-08:00,HECLOUD,OAuth,5927549969,1.1.5,Go 1.1.5,"{""APPLICATION"":""Snowflake Web App""}",,0,UNKNOWN
388466907103254,2023-10-26 11:16:20.114000-08:00,HECLOUD,Password,5927543317,3.1.0,PythonConnector 3.1.0,"{""APPLICATION"":""PythonConnector"",""OS"":""Windows"",""OS_VERSION"":""Windows-10-10.0.17763-SP0"",""PYTHON_VERSION"":""3.11.4"",""PYTHON_RUNTIME"":""CPython"",""PYTHON_COMPILER"":""MSC v.1934 64 bit (AMD64)"",""OCSP_MODE"":""FAIL_OPEN"",""TRACING"":30,""LOGIN_TIMEOUT"":120,""NETWORK_TIMEOUT"":null}",0,0,LOGOUT
388466907131950,2023-10-30 07:06:32.741000-08:00,HECLOUD,OAuth,5927546373,1.1.5,Go 1.1.5,"{""APPLICATION"":""Snowflake Web App""}",,0,ABANDONED
388466907160594,2023-11-01 11:19:30.791000-08:00,HECLOUD,Password,5927550481,3.3.1,PythonConnector 3.3.1,"{""APPLICATION"":""PythonConnector"",""OS"":""Linux"",""OS_VERSION"":""Linux-6.2.0-1015-azure-x86_64-with-glibc2.35"",""PYTHON_VERSION"":""3.10.13"",""PYTHON_RUNTIME"":""CPython"",""PYTHON_COMPILER"":""GCC 11.4.0"",""OCSP_MODE"":""FAIL_OPEN"",""TRACING"":30,""LOGIN_TIMEOUT"":120,""NETWORK_TIMEOUT"":null}",0,0,LOGOUT
388466907160618,2023-11-01 12:08:44.978000-08:00,HECLOUD,OAuth,5927549969,1.1.5,Go 1.1.5,"{""APPLICATION"":""Snowflake Web App""}",,0,UNKNOWN
5927563273,2023-10-19 09:49:36.796000-08:00,HECLOUD,OAuth,5927535621,1.1.5,Go 1.1.5,"{""APPLICATION"":""Snowflake Web App""}",,0,ABANDONED
388466907115566,2023-10-30 07:14:37.044000-08:00,HECLOUD,OAuth,5927546373,1.1.5,Go 1.1.5,"{""APPLICATION"":""Snowflake Web App""}",,0,ABANDONED
5927559213,2023-10-19 10:27:16.670000-08:00,HECLOUD,OAuth,5927535621,1.1.5,Go 1.1.5,"{""APPLICATION"":""Snowflake Web App""}",,0,ABANDONED
388466907160598,2023-11-01 11:22:01.918000-08:00,HECLOUD,Password,5927550485,3.3.1,PythonConnector 3.3.1,"{""APPLICATION"":""PythonConnector"",""OS"":""Linux"",""OS_VERSION"":""Linux-6.2.0-1015-azure-x86_64-with-glibc2.35"",""PYTHON_VERSION"":""3.10.13"",""PYTHON_RUNTIME"":""CPython"",""PYTHON_COMPILER"":""GCC 11.4.0"",""OCSP_MODE"":""FAIL_OPEN"",""TRACING"":30,""LOGIN_TIMEOUT"":120,""NETWORK_TIMEOUT"":null}",0,0,LOGOUT
388466907115562,2023-10-30 07:13:36.785000-08:00,HECLOUD,OAuth,5927546373,1.1.5,Go 1.1.5,"{""APPLICATION"":""Snowflake Web App""}",,0,ABANDONED
388466907148318,2023-11-01 12:06:33.306000-08:00,HECLOUD,OAuth,5927549969,1.1.5,Go 1.1.5,"{""APPLICATION"":""Snowflake Web App""}",,0,UNKNOWN
388466907148330,2023-11-01 12:12:59.198000-08:00,HECLOUD,OAuth,5927549969,1.1.5,Go 1.1.5,"{""APPLICATION"":""Snowflake Web App""}",,0,UNKNOWN
388466907115590,2023-10-30 12:26:03.309000-08:00,HECLOUD,Password,5927544849,3.3.1,PythonConnector 3.3.1,"{""APPLICATION"":""PythonConnector"",""OS"":""Linux"",""OS_VERSION"":""Linux-6.2.0-1015-azure-x86_64-with-glibc2.35"",""PYTHON_VERSION"":""3.10.13"",""PYTHON_RUNTIME"":""CPython"",""PYTHON_COMPILER"":""GCC 11.4.0"",""OCSP_MODE"":""FAIL_OPEN"",""TRACING"":30,""LOGIN_TIMEOUT"":120,""NETWORK_TIMEOUT"":null}",0,0,LOGOUT
388466907127826,2023-10-30 07:01:22.813000-08:00,HECLOUD,OAuth,5927546373,1.1.5,Go 1.1.5,"{""APPLICATION"":""Snowflake Web App""}",,0,ABANDONED
5927542789,2023-10-19 09:49:01.364000-08:00,HECLOUD,OAuth,5927535109,1.1.5,Go 1.1.5,"{""APPLICATION"":""Snowflake Web App""}",,0,ABANDONED
388466907136030,2023-10-30 07:00:16.426000-08:00,HECLOUD,OAuth,5927546373,1.1.5,Go 1.1.5,"{""APPLICATION"":""Snowflake Web App""}",,0,ABANDONED
5927542801,2023-10-19 09:49:36.794000-08:00,HECLOUD,OAuth,5927535621,1.1.5,Go 1.1.5,"{""APPLICATION"":""Snowflake Web App""}",,0,ABANDONED
388466907160722,2023-11-01 12:31:57.326000-08:00,HECLOUD,OAuth,5927549969,1.1.5,Go 1.1.5,"{""APPLICATION"":""Snowflake Web App""}",,0,UNKNOWN
5927546909,2023-10-19 09:54:00.486000-08:00,HECLOUD,OAuth,5927535621,1.1.5,Go 1.1.5,"{""APPLICATION"":""Snowflake Web App""}",,0,ABANDONED
388466907148314,2023-11-01 12:06:33.300000-08:00,HECLOUD,OAuth,5927549969,1.1.5,Go 1.1.5,"{""APPLICATION"":""Snowflake Web App""}",,0,UNKNOWN
388466907156502,2023-11-01 12:06:33.289000-08:00,HECLOUD,OAuth,5927549969,1.1.5,Go 1.1.5,"{""APPLICATION"":""Snowflake Web App""}",,0,UNKNOWN
5927550993,2023-10-19 09:52:38.455000-08:00,HECLOUD,OAuth,5927535621,1.1.5,Go 1.1.5,"{""APPLICATION"":""Snowflake Web App""}",,0,ABANDONED
5927551037,2023-10-20 09:27:37.630000-08:00,HECLOUD,Password,5927537165,3.1.0,PythonConnector 3.1.0,"{""APPLICATION"":""schemachange"",""OS"":""Windows"",""OS_VERSION"":""Windows-10-10.0.17763-SP0"",""PYTHON_VERSION"":""3.11.4"",""PYTHON_RUNTIME"":""CPython"",""PYTHON_COMPILER"":""MSC v.1934 64 bit (AMD64)"",""OCSP_MODE"":""FAIL_OPEN"",""TRACING"":30,""LOGIN_TIMEOUT"":120,""NETWORK_TIMEOUT"":null}",0,0,LOGOUT
388466907103278,2023-10-30 06:58:15.883000-08:00,HECLOUD,OAuth,5927546373,1.1.5,Go 1.1.5,"{""APPLICATION"":""Snowflake Web App""}",,0,ABANDONED
388466907136046,2023-10-30 07:26:44.680000-08:00,HECLOUD,OAuth,5927546897,1.1.5,Go 1.1.5,"{""APPLICATION"":""Snowflake Web App""}",,0,ABANDONED
5927542829,2023-10-19 10:58:17.310000-08:00,HECLOUD,OAuth,5927535621,1.1.5,Go 1.1.5,"{""APPLICATION"":""Snowflake Web App""}",,0,ABANDONED
5927551033,2023-10-19 11:23:47.103000-08:00,HECLOUD,Password,5927537161,3.1.0,PythonConnector 3.1.0,"{""APPLICATION"":""schemachange"",""OS"":""Windows"",""OS_VERSION"":""Windows-10-10.0.17763-SP0"",""PYTHON_VERSION"":""3.11.4"",""PYTHON_RUNTIME"":""CPython"",""PYTHON_COMPILER"":""MSC v.1934 64 bit (AMD64)"",""OCSP_MODE"":""FAIL_OPEN"",""TRACING"":30,""LOGIN_TIMEOUT"":120,""NETWORK_TIMEOUT"":null}",0,0,LOGOUT
388466907131990,2023-10-30 07:32:57.218000-08:00,HECLOUD,OAuth,5927546897,1.1.5,Go 1.1.5,"{""APPLICATION"":""Snowflake Web App""}",,0,ABANDONED
388466907131998,2023-10-30 10:29:01.857000-08:00,HECLOUD,Password,5927546397,3.1.0,PythonConnector 3.1.0,"{""APPLICATION"":""PythonConnector"",""OS"":""Windows"",""OS_VERSION"":""Windows-10-10.0.17763-SP0"",""PYTHON_VERSION"":""3.11.4"",""PYTHON_RUNTIME"":""CPython"",""PYTHON_COMPILER"":""MSC v.1934 64 bit (AMD64)"",""OCSP_MODE"":""FAIL_OPEN"",""TRACING"":30,""LOGIN_TIMEOUT"":120,""NETWORK_TIMEOUT"":null}",0,0,LOGOUT
388466907136074,2023-10-30 12:32:52.526000-08:00,HECLOUD,OAuth,5927546913,1.1.5,Go 1.1.5,"{""APPLICATION"":""Snowflake Web App""}",,0,ABANDONED
388466907123786,2023-10-30 12:32:49.257000-08:00,HECLOUD,OAuth,5927546913,1.1.5,Go 1.1.5,"{""APPLICATION"":""Snowflake Web App""}",,0,ABANDONED
5927550989,2023-10-19 09:51:38.140000-08:00,HECLOUD,OAuth,5927535621,1.1.5,Go 1.1.5,"{""APPLICATION"":""Snowflake Web App""}",,0,ABANDONED
388466907168830,2023-11-01 12:22:57.308000-08:00,HECLOUD,OAuth,5927549969,1.1.5,Go 1.1.5,"{""APPLICATION"":""Snowflake Web App""}",,0,UNKNOWN
388466907148294,2023-11-01 06:52:07.532000-08:00,HECLOUD,Password,5927548933,3.3.1,PythonConnector 3.3.1,"{""APPLICATION"":""PythonConnector"",""OS"":""Linux"",""OS_VERSION"":""Linux-6.2.0-1015-azure-x86_64-with-glibc2.35"",""PYTHON_VERSION"":""3.10.13"",""PYTHON_RUNTIME"":""CPython"",""PYTHON_COMPILER"":""GCC 11.4.0"",""OCSP_MODE"":""FAIL_OPEN"",""TRACING"":30,""LOGIN_TIMEOUT"":120,""NETWORK_TIMEOUT"":null}",0,0,LOGOUT
5927563309,2023-10-19 10:58:17.499000-08:00,HECLOUD,OAuth,5927535621,1.1.5,Go 1.1.5,"{""APPLICATION"":""Snowflake Web App""}",,0,ABANDONED
388466907168822,2023-11-01 12:18:01.783000-08:00,HECLOUD,Password,5927551505,3.3.1,PythonConnector 3.3.1,"{""APPLICATION"":""PythonConnector"",""OS"":""Linux"",""OS_VERSION"":""Linux-6.2.0-1015-azure-x86_64-with-glibc2.35"",""PYTHON_VERSION"":""3.10.13"",""PYTHON_RUNTIME"":""CPython"",""PYTHON_COMPILER"":""GCC 11.4.0"",""OCSP_MODE"":""FAIL_OPEN"",""TRACING"":30,""LOGIN_TIMEOUT"":120,""NETWORK_TIMEOUT"":null}",0,0,LOGOUT
5927555109,2023-10-19 09:54:00.505000-08:00,HECLOUD,OAuth,5927535621,1.1.5,Go 1.1.5,"{""APPLICATION"":""Snowflake Web App""}",,0,ABANDONED
388466907115602,2023-10-30 12:32:49.536000-08:00,HECLOUD,OAuth,5927546913,1.1.5,Go 1.1.5,"{""APPLICATION"":""Snowflake Web App""}",,0,ABANDONED
5927571469,2023-10-20 12:24:13.903000-08:00,HECLOUD,Password,5927538189,3.1.0,PythonConnector 3.1.0,"{""APPLICATION"":""schemachange"",""OS"":""Windows"",""OS_VERSION"":""Windows-10-10.0.17763-SP0"",""PYTHON_VERSION"":""3.11.4"",""PYTHON_RUNTIME"":""CPython"",""PYTHON_COMPILER"":""MSC v.1934 64 bit (AMD64)"",""OCSP_MODE"":""FAIL_OPEN"",""TRACING"":30,""LOGIN_TIMEOUT"":120,""NETWORK_TIMEOUT"":null}",0,0,LOGOUT
388466907152490,2023-11-01 12:21:19.292000-08:00,HECLOUD,OAuth,5927549969,1.1.5,Go 1.1.5,"{""APPLICATION"":""Snowflake Web App""}",,0,UNKNOWN
388466907103262,2023-10-27 12:29:10.226000-08:00,HECLOUD,Password,5927543325,3.3.1,PythonConnector 3.3.1,"{""APPLICATION"":""PythonConnector"",""OS"":""Linux"",""OS_VERSION"":""Linux-6.2.0-1015-azure-x86_64-with-glibc2.35"",""PYTHON_VERSION"":""3.10.13"",""PYTHON_RUNTIME"":""CPython"",""PYTHON_COMPILER"":""GCC 11.4.0"",""OCSP_MODE"":""FAIL_OPEN"",""TRACING"":30,""LOGIN_TIMEOUT"":120,""NETWORK_TIMEOUT"":null}",0,0,LOGOUT
5927596045,2023-10-25 05:30:57.806000-08:00,HECLOUD,Password,5927541261,3.1.0,PythonConnector 3.1.0,"{""APPLICATION"":""schemachange"",""OS"":""Windows"",""OS_VERSION"":""Windows-10-10.0.17763-SP0"",""PYTHON_VERSION"":""3.11.4"",""PYTHON_RUNTIME"":""CPython"",""PYTHON_COMPILER"":""MSC v.1934 64 bit (AMD64)"",""OCSP_MODE"":""FAIL_OPEN"",""TRACING"":30,""LOGIN_TIMEOUT"":120,""NETWORK_TIMEOUT"":null}",0,0,LOGOUT
388466907123770,2023-10-30 07:11:35.813000-08:00,HECLOUD,OAuth,5927546373,1.1.5,Go 1.1.5,"{""APPLICATION"":""Snowflake Web App""}",,0,ABANDONED
5927571465,2023-10-20 12:20:51.230000-08:00,HECLOUD,Password,5927538185,3.1.0,PythonConnector 3.1.0,"{""APPLICATION"":""schemachange"",""OS"":""Windows"",""OS_VERSION"":""Windows-10-10.0.17763-SP0"",""PYTHON_VERSION"":""3.11.4"",""PYTHON_RUNTIME"":""CPython"",""PYTHON_COMPILER"":""MSC v.1934 64 bit (AMD64)"",""OCSP_MODE"":""FAIL_OPEN"",""TRACING"":30,""LOGIN_TIMEOUT"":120,""NETWORK_TIMEOUT"":null}",0,0,LOGOUT
388466907136042,2023-10-30 07:16:37.847000-08:00,HECLOUD,OAuth,5927546373,1.1.5,Go 1.1.5,"{""APPLICATION"":""Snowflake Web App""}",,0,ABANDONED
5927563285,2023-10-19 09:54:01.022000-08:00,HECLOUD,OAuth,5927535621,1.1.5,Go 1.1.5,"{""APPLICATION"":""Snowflake Web App""}",,0,ABANDONED
5927542817,2023-10-19 10:25:16.013000-08:00,HECLOUD,OAuth,5927535621,1.1.5,Go 1.1.5,"{""APPLICATION"":""Snowflake Web App""}",,0,ABANDONED
388466907103286,2023-10-30 06:58:15.952000-08:00,HECLOUD,OAuth,5927546373,1.1.5,Go 1.1.5,"{""APPLICATION"":""Snowflake Web App""}",,0,ABANDONED
388466907119622,2023-10-27 12:21:41.401000-08:00,HECLOUD,Password,5927545349,3.3.1,PythonConnector 3.3.1,"{""APPLICATION"":""PythonConnector"",""OS"":""Linux"",""OS_VERSION"":""Linux-6.2.0-1015-azure-x86_64-with-glibc2.35"",""PYTHON_VERSION"":""3.10.13"",""PYTHON_RUNTIME"":""CPython"",""PYTHON_COMPILER"":""GCC 11.4.0"",""OCSP_MODE"":""FAIL_OPEN"",""TRACING"":30,""LOGIN_TIMEOUT"":120,""NETWORK_TIMEOUT"":null}",0,0,LOGOUT
388466907152422,2023-11-01 12:08:33.951000-08:00,HECLOUD,OAuth,5927549969,1.1.5,Go 1.1.5,"{""APPLICATION"":""Snowflake Web App""}",,0,UNKNOWN
388466907115538,2023-10-30 06:58:20.508000-08:00,HECLOUD,OAuth,5927546373,1.1.5,Go 1.1.5,"{""APPLICATION"":""Snowflake Web App""}",,0,ABANDONED
5927546889,2023-10-19 09:49:03.878000-08:00,HECLOUD,OAuth,5927535109,1.1.5,Go 1.1.5,"{""APPLICATION"":""Snowflake Web App""}",,0,ABANDONED
388466907127838,2023-10-30 07:25:29.904000-08:00,HECLOUD,OAuth,5927546897,1.1.5,Go 1.1.5,"{""APPLICATION"":""Snowflake Web App""}",,0,ABANDONED
388466907103342,2023-10-30 07:25:45.736000-08:00,HECLOUD,OAuth,5927546897,1.1.5,Go 1.1.5,"{""APPLICATION"":""Snowflake Web App""}",,0,ABANDONED
5927542813,2023-10-19 09:55:15.942000-08:00,HECLOUD,OAuth,5927535621,1.1.5,Go 1.1.5,"{""APPLICATION"":""Snowflake Web App""}",,0,ABANDONED
388466907148434,2023-11-01 12:27:56.252000-08:00,HECLOUD,OAuth,5927549969,1.1.5,Go 1.1.5,"{""APPLICATION"":""Snowflake Web App""}",,0,UNKNOWN
388466907103238,2023-10-26 10:36:25.951000-08:00,HECLOUD,Password,5927543301,3.1.0,PythonConnector 3.1.0,"{""APPLICATION"":""schemachange"",""OS"":""Windows"",""OS_VERSION"":""Windows-10-10.0.17763-SP0"",""PYTHON_VERSION"":""3.11.4"",""PYTHON_RUNTIME"":""CPython"",""PYTHON_COMPILER"":""MSC v.1934 64 bit (AMD64)"",""OCSP_MODE"":""FAIL_OPEN"",""TRACING"":30,""LOGIN_TIMEOUT"":120,""NETWORK_TIMEOUT"":null}",0,0,LOGOUT
388466907168798,2023-11-01 12:14:18.757000-08:00,HECLOUD,OAuth,5927549969,1.1.5,Go 1.1.5,"{""APPLICATION"":""Snowflake Web App""}",,0,UNKNOWN
388466907160638,2023-11-01 12:14:52.079000-08:00,HECLOUD,OAuth,5927549969,1.1.5,Go 1.1.5,"{""APPLICATION"":""Snowflake Web App""}",,0,UNKNOWN
5927563301,2023-10-19 10:37:30.648000-08:00,HECLOUD,OAuth,5927535621,1.1.5,Go 1.1.5,"{""APPLICATION"":""Snowflake Web App""}",,0,ABANDONED
5927555105,2023-10-19 09:54:00.459000-08:00,HECLOUD,OAuth,5927535621,1.1.5,Go 1.1.5,"{""APPLICATION"":""Snowflake Web App""}",,0,ABANDONED
388466907152394,2023-11-01 09:55:22.681000-08:00,HECLOUD,Password,5927549449,3.3.1,PythonConnector 3.3.1,"{""APPLICATION"":""PythonConnector"",""OS"":""Linux"",""OS_VERSION"":""Linux-6.2.0-1015-azure-x86_64-with-glibc2.35"",""PYTHON_VERSION"":""3.10.13"",""PYTHON_RUNTIME"":""CPython"",""PYTHON_COMPILER"":""GCC 11.4.0"",""OCSP_MODE"":""FAIL_OPEN"",""TRACING"":30,""LOGIN_TIMEOUT"":120,""NETWORK_TIMEOUT"":null}",0,0,LOGOUT
388466907123742,2023-10-30 07:00:44.433000-08:00,HECLOUD,OAuth,5927546373,1.1.5,Go 1.1.5,"{""APPLICATION"":""Snowflake Web App""}",,0,ABANDONED
388466907160710,2023-11-01 12:30:56.816000-08:00,HECLOUD,OAuth,5927549969,1.1.5,Go 1.1.5,"{""APPLICATION"":""Snowflake Web App""}",,0,UNKNOWN
388466907123766,2023-10-30 07:07:23.082000-08:00,HECLOUD,OAuth,5927546373,1.1.5,Go 1.1.5,"{""APPLICATION"":""Snowflake Web App""}",,0,ABANDONED
388466907103338,2023-10-30 07:25:29.900000-08:00,HECLOUD,OAuth,5927546897,1.1.5,Go 1.1.5,"{""APPLICATION"":""Snowflake Web App""}",,0,ABANDONED
5927559201,2023-10-19 09:54:50.970000-08:00,HECLOUD,OAuth,5927535621,1.1.5,Go 1.1.5,"{""APPLICATION"":""Snowflake Web App""}",,0,ABANDONED
5927555129,2023-10-19 10:58:17.435000-08:00,HECLOUD,OAuth,5927535621,1.1.5,Go 1.1.5,"{""APPLICATION"":""Snowflake Web App""}",,0,ABANDONED
388466907148298,2023-11-01 09:17:06.971000-08:00,HECLOUD,Password,5927548937,3.3.1,PythonConnector 3.3.1,"{""APPLICATION"":""PythonConnector"",""OS"":""Linux"",""OS_VERSION"":""Linux-6.2.0-1015-azure-x86_64-with-glibc2.35"",""PYTHON_VERSION"":""3.10.13"",""PYTHON_RUNTIME"":""CPython"",""PYTHON_COMPILER"":""GCC 11.4.0"",""OCSP_MODE"":""FAIL_OPEN"",""TRACING"":30,""LOGIN_TIMEOUT"":120,""NETWORK_TIMEOUT"":null}",0,0,LOGOUT
388466907107338,2023-10-26 11:00:23.959000-08:00,HECLOUD,Password,5927543817,3.1.0,PythonConnector 3.1.0,"{""APPLICATION"":""PythonConnector"",""OS"":""Windows"",""OS_VERSION"":""Windows-10-10.0.17763-SP0"",""PYTHON_VERSION"":""3.11.4"",""PYTHON_RUNTIME"":""CPython"",""PYTHON_COMPILER"":""MSC v.1934 64 bit (AMD64)"",""OCSP_MODE"":""FAIL_OPEN"",""TRACING"":30,""LOGIN_TIMEOUT"":120,""NETWORK_TIMEOUT"":null}",0,0,LOGOUT
388466907156498,2023-11-01 12:06:28.734000-08:00,HECLOUD,OAuth,5927549969,1.1.5,Go 1.1.5,"{""APPLICATION"":""Snowflake Web App""}",,0,UNKNOWN
388466907115574,2023-10-30 07:25:29.918000-08:00,HECLOUD,OAuth,5927546897,1.1.5,Go 1.1.5,"{""APPLICATION"":""Snowflake Web App""}",,0,ABANDONED
5927559177,2023-10-19 09:49:32.918000-08:00,HECLOUD,OAuth,5927535621,1.1.5,Go 1.1.5,"{""APPLICATION"":""Snowflake Web App""}",,0,ABANDONED
5927579653,2023-10-23 08:40:17.687000-08:00,HECLOUD,Password,5927539717,3.1.0,PythonConnector 3.1.0,"{""APPLICATION"":""schemachange"",""OS"":""Windows"",""OS_VERSION"":""Windows-10-10.0.17763-SP0"",""PYTHON_VERSION"":""3.11.4"",""PYTHON_RUNTIME"":""CPython"",""PYTHON_COMPILER"":""MSC v.1934 64 bit (AMD64)"",""OCSP_MODE"":""FAIL_OPEN"",""TRACING"":30,""LOGIN_TIMEOUT"":120,""NETWORK_TIMEOUT"":null}",0,0,LOGOUT
388466907152430,2023-11-01 12:09:10.712000-08:00,HECLOUD,OAuth,5927549969,1.1.5,Go 1.1.5,"{""APPLICATION"":""Snowflake Web App""}",,0,UNKNOWN
388466907131966,2023-10-30 07:25:29.921000-08:00,HECLOUD,OAuth,5927546897,1.1.5,Go 1.1.5,"{""APPLICATION"":""Snowflake Web App""}",,0,ABANDONED
5927563293,2023-10-19 09:55:06.685000-08:00,HECLOUD,OAuth,5927535621,1.1.5,Go 1.1.5,"{""APPLICATION"":""Snowflake Web App""}",,0,ABANDONED
388466907131978,2023-10-30 07:25:30.114000-08:00,HECLOUD,OAuth,5927546897,1.1.5,Go 1.1.5,"{""APPLICATION"":""Snowflake Web App""}",,0,ABANDONED
5927591941,2023-10-24 09:38:48.072000-08:00,HECLOUD,Password,5927540741,3.13.30,JDBC 3.13.30,"{""tracing"":""INFO"",""OS"":""Windows 11"",""OCSP_MODE"":""FAIL_OPEN"",""JAVA_VM"":""OpenJDK 64-Bit Server VM"",""APPLICATION"":""DBeaver_DBeaverEnterprise"",""password"":""****"",""database"":""TEST_DB"",""application"":""DBeaver_DBeaverEnterprise"",""OS_VERSION"":""10.0"",""serverURL"":""https://zsb17642.us-east-1.snowflakecomputing.com:443/"",""JAVA_VERSION"":""17.0.6"",""user"":""hecloud"",""account"":""zsb17642"",""JAVA_RUNTIME"":""OpenJDK Runtime Environment""}",0,0,ABANDONED
5927546885,2023-10-19 09:49:01.726000-08:00,HECLOUD,OAuth,5927535109,1.1.5,Go 1.1.5,"{""APPLICATION"":""Snowflake Web App""}",,0,ABANDONED
5927563297,2023-10-19 10:28:16.999000-08:00,HECLOUD,OAuth,5927535621,1.1.5,Go 1.1.5,"{""APPLICATION"":""Snowflake Web App""}",,0,ABANDONED
388466907136070,2023-10-30 12:32:49.315000-08:00,HECLOUD,OAuth,5927546913,1.1.5,Go 1.1.5,"{""APPLICATION"":""Snowflake Web App""}",,0,ABANDONED
5927542825,2023-10-19 10:47:22.948000-08:00,HECLOUD,OAuth,5927535621,1.1.5,Go 1.1.5,"{""APPLICATION"":""Snowflake Web App""}",,0,ABANDONED
388466907103346,2023-10-30 07:25:46.058000-08:00,HECLOUD,OAuth,5927546897,1.1.5,Go 1.1.5,"{""APPLICATION"":""Snowflake Web App""}",,0,ABANDONED
388466907103242,2023-10-26 10:53:47.151000-08:00,HECLOUD,Password,5927543305,3.1.0,PythonConnector 3.1.0,"{""APPLICATION"":""schemachange"",""OS"":""Windows"",""OS_VERSION"":""Windows-10-10.0.17763-SP0"",""PYTHON_VERSION"":""3.11.4"",""PYTHON_RUNTIME"":""CPython"",""PYTHON_COMPILER"":""MSC v.1934 64 bit (AMD64)"",""OCSP_MODE"":""FAIL_OPEN"",""TRACING"":30,""LOGIN_TIMEOUT"":120,""NETWORK_TIMEOUT"":null}",0,0,LOGOUT
5927546933,2023-10-20 09:20:56.918000-08:00,HECLOUD,Password,5927538693,3.1.0,PythonConnector 3.1.0,"{""APPLICATION"":""schemachange"",""OS"":""Windows"",""OS_VERSION"":""Windows-10-10.0.17763-SP0"",""PYTHON_VERSION"":""3.11.4"",""PYTHON_RUNTIME"":""CPython"",""PYTHON_COMPILER"":""MSC v.1934 64 bit (AMD64)"",""OCSP_MODE"":""FAIL_OPEN"",""TRACING"":30,""LOGIN_TIMEOUT"":120,""NETWORK_TIMEOUT"":null}",0,0,LOGOUT
5927559197,2023-10-19 09:53:53.325000-08:00,HECLOUD,OAuth,5927535621,1.1.5,Go 1.1.5,"{""APPLICATION"":""Snowflake Web App""}",,0,ABANDONED
5927555117,2023-10-19 10:05:07.469000-08:00,HECLOUD,Password,5927536137,3.13.30,JDBC 3.13.30,"{""tracing"":""INFO"",""OS"":""Windows 11"",""OCSP_MODE"":""FAIL_OPEN"",""JAVA_VM"":""OpenJDK 64-Bit Server VM"",""APPLICATION"":""DBeaver_DBeaverEnterprise"",""password"":""****"",""database"":""TEST_DB"",""application"":""DBeaver_DBeaverEnterprise"",""OS_VERSION"":""10.0"",""serverURL"":""https://zsb17642.us-east-1.snowflakecomputing.com:443/"",""JAVA_VERSION"":""17.0.6"",""user"":""hecloud"",""account"":""zsb17642"",""JAVA_RUNTIME"":""OpenJDK Runtime Environment""}",0,0,ABANDONED
388466907152446,2023-11-01 12:13:36.762000-08:00,HECLOUD,OAuth,5927549969,1.1.5,Go 1.1.5,"{""APPLICATION"":""Snowflake Web App""}",,0,UNKNOWN
5927563289,2023-10-19 09:54:20.085000-08:00,HECLOUD,OAuth,5927535621,1.1.5,Go 1.1.5,"{""APPLICATION"":""Snowflake Web App""}",,0,ABANDONED
5927550997,2023-10-19 09:53:23.334000-08:00,HECLOUD,OAuth,5927535621,1.1.5,Go 1.1.5,"{""APPLICATION"":""Snowflake Web App""}",,0,ABANDONED
388466907136058,2023-10-30 07:33:19.580000-08:00,HECLOUD,Password,5927546905,3.3.1,PythonConnector 3.3.1,"{""APPLICATION"":""PythonConnector"",""OS"":""Linux"",""OS_VERSION"":""Linux-6.2.0-1015-azure-x86_64-with-glibc2.35"",""PYTHON_VERSION"":""3.10.13"",""PYTHON_RUNTIME"":""CPython"",""PYTHON_COMPILER"":""GCC 11.4.0"",""OCSP_MODE"":""FAIL_OPEN"",""TRACING"":30,""LOGIN_TIMEOUT"":120,""NETWORK_TIMEOUT"":null}",0,0,LOGOUT
388466907160606,2023-11-01 12:06:28.544000-08:00,HECLOUD,OAuth,5927549969,1.1.5,Go 1.1.5,"{""APPLICATION"":""Snowflake Web App""}",,0,UNKNOWN
5927567369,2023-10-20 08:45:21.638000-08:00,HECLOUD,Password,5927537673,3.1.0,PythonConnector 3.1.0,"{""APPLICATION"":""schemachange"",""OS"":""Windows"",""OS_VERSION"":""Windows-10-10.0.17763-SP0"",""PYTHON_VERSION"":""3.11.4"",""PYTHON_RUNTIME"":""CPython"",""PYTHON_COMPILER"":""MSC v.1934 64 bit (AMD64)"",""OCSP_MODE"":""FAIL_OPEN"",""TRACING"":30,""LOGIN_TIMEOUT"":120,""NETWORK_TIMEOUT"":null}",0,0,LOGOUT
388466907103250,2023-10-26 10:58:06.358000-08:00,HECLOUD,Password,5927543313,3.1.0,PythonConnector 3.1.0,"{""APPLICATION"":""schemachange"",""OS"":""Windows"",""OS_VERSION"":""Windows-10-10.0.17763-SP0"",""PYTHON_VERSION"":""3.11.4"",""PYTHON_RUNTIME"":""CPython"",""PYTHON_COMPILER"":""MSC v.1934 64 bit (AMD64)"",""OCSP_MODE"":""FAIL_OPEN"",""TRACING"":30,""LOGIN_TIMEOUT"":120,""NETWORK_TIMEOUT"":null}",0,0,LOGOUT
388466907103266,2023-10-27 12:34:34.936000-08:00,HECLOUD,Password,5927543329,3.3.1,PythonConnector 3.3.1,"{""APPLICATION"":""PythonConnector"",""OS"":""Linux"",""OS_VERSION"":""Linux-6.2.0-1015-azure-x86_64-with-glibc2.35"",""PYTHON_VERSION"":""3.10.13"",""PYTHON_RUNTIME"":""CPython"",""PYTHON_COMPILER"":""GCC 11.4.0"",""OCSP_MODE"":""FAIL_OPEN"",""TRACING"":30,""LOGIN_TIMEOUT"":120,""NETWORK_TIMEOUT"":null}",0,0,LOGOUT
388466907099142,2023-10-25 11:51:56.964000-08:00,HECLOUD,Password,5927542789,3.1.0,PythonConnector 3.1.0,"{""APPLICATION"":""schemachange"",""OS"":""Windows"",""OS_VERSION"":""Windows-10-10.0.17763-SP0"",""PYTHON_VERSION"":""3.11.4"",""PYTHON_RUNTIME"":""CPython"",""PYTHON_COMPILER"":""MSC v.1934 64 bit (AMD64)"",""OCSP_MODE"":""FAIL_OPEN"",""TRACING"":30,""LOGIN_TIMEOUT"":120,""NETWORK_TIMEOUT"":null}",0,0,LOGOUT
388466907131962,2023-10-30 07:22:24.852000-08:00,HECLOUD,Password,5927546389,3.3.1,PythonConnector 3.3.1,"{""APPLICATION"":""PythonConnector"",""OS"":""Linux"",""OS_VERSION"":""Linux-6.2.0-1015-azure-x86_64-with-glibc2.35"",""PYTHON_VERSION"":""3.10.13"",""PYTHON_RUNTIME"":""CPython"",""PYTHON_COMPILER"":""GCC 11.4.0"",""OCSP_MODE"":""FAIL_OPEN"",""TRACING"":30,""LOGIN_TIMEOUT"":120,""NETWORK_TIMEOUT"":null}",0,0,LOGOUT
5927550981,2023-10-19 09:49:03.886000-08:00,HECLOUD,OAuth,5927535109,1.1.5,Go 1.1.5,"{""APPLICATION"":""Snowflake Web App""}",,0,ABANDONED
388466907123750,2023-10-30 07:03:02.989000-08:00,HECLOUD,OAuth,5927546373,1.1.5,Go 1.1.5,"{""APPLICATION"":""Snowflake Web App""}",,0,ABANDONED
388466907131930,2023-10-30 07:00:28.846000-08:00,HECLOUD,OAuth,5927546373,1.1.5,Go 1.1.5,"{""APPLICATION"":""Snowflake Web App""}",,0,ABANDONED
388466907103258,2023-10-27 10:53:18.447000-08:00,HECLOUD,Password,5927543321,3.1.0,PythonConnector 3.1.0,"{""APPLICATION"":""PythonConnector"",""OS"":""Windows"",""OS_VERSION"":""Windows-10-10.0.17763-SP0"",""PYTHON_VERSION"":""3.11.4"",""PYTHON_RUNTIME"":""CPython"",""PYTHON_COMPILER"":""MSC v.1934 64 bit (AMD64)"",""OCSP_MODE"":""FAIL_OPEN"",""TRACING"":30,""LOGIN_TIMEOUT"":120,""NETWORK_TIMEOUT"":null}",0,0,LOGOUT
388466907136086,2023-10-31 06:57:26.792000-08:00,HECLOUD,Password,5927546925,3.3.1,PythonConnector 3.3.1,"{""APPLICATION"":""PythonConnector"",""OS"":""Linux"",""OS_VERSION"":""Linux-6.2.0-1015-azure-x86_64-with-glibc2.35"",""PYTHON_VERSION"":""3.10.13"",""PYTHON_RUNTIME"":""CPython"",""PYTHON_COMPILER"":""GCC 11.4.0"",""OCSP_MODE"":""FAIL_OPEN"",""TRACING"":30,""LOGIN_TIMEOUT"":120,""NETWORK_TIMEOUT"":null}",0,0,LOGOUT
5927559225,2023-10-20 12:52:57.191000-08:00,HECLOUD,Password,5927535129,3.1.0,PythonConnector 3.1.0,"{""APPLICATION"":""schemachange"",""OS"":""Windows"",""OS_VERSION"":""Windows-10-10.0.17763-SP0"",""PYTHON_VERSION"":""3.11.4"",""PYTHON_RUNTIME"":""CPython"",""PYTHON_COMPILER"":""MSC v.1934 64 bit (AMD64)"",""OCSP_MODE"":""FAIL_OPEN"",""TRACING"":30,""LOGIN_TIMEOUT"":120,""NETWORK_TIMEOUT"":null}",0,0,LOGOUT
5927555081,2023-10-19 09:49:03.935000-08:00,HECLOUD,OAuth,5927535109,1.1.5,Go 1.1.5,"{""APPLICATION"":""Snowflake Web App""}",,0,ABANDONED
388466907148350,2023-11-01 12:14:11.226000-08:00,HECLOUD,OAuth,5927549969,1.1.5,Go 1.1.5,"{""APPLICATION"":""Snowflake Web App""}",,0,UNKNOWN
388466907168774,2023-11-01 10:55:10.204000-08:00,HECLOUD,Password,5927551493,3.3.1,PythonConnector 3.3.1,"{""APPLICATION"":""PythonConnector"",""OS"":""Linux"",""OS_VERSION"":""Linux-6.2.0-1015-azure-x86_64-with-glibc2.35"",""PYTHON_VERSION"":""3.10.13"",""PYTHON_RUNTIME"":""CPython"",""PYTHON_COMPILER"":""GCC 11.4.0"",""OCSP_MODE"":""FAIL_OPEN"",""TRACING"":30,""LOGIN_TIMEOUT"":120,""NETWORK_TIMEOUT"":null}",0,0,LOGOUT
388466907090950,2023-10-25 05:45:35.195000-08:00,HECLOUD,Password,5927542277,3.1.0,PythonConnector 3.1.0,"{""APPLICATION"":""schemachange"",""OS"":""Windows"",""OS_VERSION"":""Windows-10-10.0.17763-SP0"",""PYTHON_VERSION"":""3.11.4"",""PYTHON_RUNTIME"":""CPython"",""PYTHON_COMPILER"":""MSC v.1934 64 bit (AMD64)"",""OCSP_MODE"":""FAIL_OPEN"",""TRACING"":30,""LOGIN_TIMEOUT"":120,""NETWORK_TIMEOUT"":null}",0,0,LOGOUT
388466907115554,2023-10-30 06:59:44.970000-08:00,HECLOUD,OAuth,5927546373,1.1.5,Go 1.1.5,"{""APPLICATION"":""Snowflake Web App""}",,0,ABANDONED
388466907136078,2023-10-30 12:37:02.242000-08:00,HECLOUD,Password,5927546917,3.3.1,PythonConnector 3.3.1,"{""APPLICATION"":""PythonConnector"",""OS"":""Linux"",""OS_VERSION"":""Linux-6.2.0-1015-azure-x86_64-with-glibc2.35"",""PYTHON_VERSION"":""3.10.13"",""PYTHON_RUNTIME"":""CPython"",""PYTHON_COMPILER"":""GCC 11.4.0"",""OCSP_MODE"":""FAIL_OPEN"",""TRACING"":30,""LOGIN_TIMEOUT"":120,""NETWORK_TIMEOUT"":null}",0,0,LOGOUT
388466907103302,2023-10-30 07:00:38.502000-08:00,HECLOUD,OAuth,5927546373,1.1.5,Go 1.1.5,"{""APPLICATION"":""Snowflake Web App""}",,0,ABANDONED
5927546921,2023-10-19 10:22:14.968000-08:00,HECLOUD,OAuth,5927535621,1.1.5,Go 1.1.5,"{""APPLICATION"":""Snowflake Web App""}",,0,ABANDONED
388466907156506,2023-11-01 12:06:33.295000-08:00,HECLOUD,OAuth,5927549969,1.1.5,Go 1.1.5,"{""APPLICATION"":""Snowflake Web App""}",,0,UNKNOWN
388466907160686,2023-11-01 12:24:00.921000-08:00,HECLOUD,OAuth,5927549969,1.1.5,Go 1.1.5,"{""APPLICATION"":""Snowflake Web App""}",,0,UNKNOWN
388466907127834,2023-10-30 07:16:55.031000-08:00,HECLOUD,Password,5927547409,3.3.1,PythonConnector 3.3.1,"{""APPLICATION"":""PythonConnector"",""OS"":""Linux"",""OS_VERSION"":""Linux-6.2.0-1015-azure-x86_64-with-glibc2.35"",""PYTHON_VERSION"":""3.10.13"",""PYTHON_RUNTIME"":""CPython"",""PYTHON_COMPILER"":""GCC 11.4.0"",""OCSP_MODE"":""FAIL_OPEN"",""TRACING"":30,""LOGIN_TIMEOUT"":120,""NETWORK_TIMEOUT"":null}",0,0,LOGOUT
5927555125,2023-10-19 10:26:16.344000-08:00,HECLOUD,OAuth,5927535621,1.1.5,Go 1.1.5,"{""APPLICATION"":""Snowflake Web App""}",,0,ABANDONED
5927542841,2023-10-23 08:23:33.185000-08:00,HECLOUD,Password,5927536653,3.13.30,JDBC 3.13.30,"{""tracing"":""INFO"",""OS"":""Windows 11"",""OCSP_MODE"":""FAIL_OPEN"",""JAVA_VM"":""OpenJDK 64-Bit Server VM"",""APPLICATION"":""DBeaver_DBeaverEnterprise"",""password"":""****"",""database"":""TEST_DB"",""application"":""DBeaver_DBeaverEnterprise"",""OS_VERSION"":""10.0"",""serverURL"":""https://zsb17642.us-east-1.snowflakecomputing.com:443/"",""JAVA_VERSION"":""17.0.6"",""user"":""hecloud"",""account"":""zsb17642"",""JAVA_RUNTIME"":""OpenJDK Runtime Environment""}",0,0,ABANDONED
388466907152406,2023-11-01 11:04:32.825000-08:00,HECLOUD,Password,5927549461,3.3.1,PythonConnector 3.3.1,"{""APPLICATION"":""PythonConnector"",""OS"":""Linux"",""OS_VERSION"":""Linux-6.2.0-1015-azure-x86_64-with-glibc2.35"",""PYTHON_VERSION"":""3.10.13"",""PYTHON_RUNTIME"":""CPython"",""PYTHON_COMPILER"":""GCC 11.4.0"",""OCSP_MODE"":""FAIL_OPEN"",""TRACING"":30,""LOGIN_TIMEOUT"":120,""NETWORK_TIMEOUT"":null}",0,0,LOGOUT
388466907156486,2023-11-01 07:46:20.183000-08:00,HECLOUD,Password,5927549957,3.3.1,PythonConnector 3.3.1,"{""APPLICATION"":""PythonConnector"",""OS"":""Linux"",""OS_VERSION"":""Linux-6.2.0-1015-azure-x86_64-with-glibc2.35"",""PYTHON_VERSION"":""3.10.13"",""PYTHON_RUNTIME"":""CPython"",""PYTHON_COMPILER"":""GCC 11.4.0"",""OCSP_MODE"":""FAIL_OPEN"",""TRACING"":30,""LOGIN_TIMEOUT"":120,""NETWORK_TIMEOUT"":null}",0,0,LOGOUT
388466907115546,2023-10-30 06:58:50.905000-08:00,HECLOUD,OAuth,5927546373,1.1.5,Go 1.1.5,"{""APPLICATION"":""Snowflake Web App""}",,0,ABANDONED
